year,rgi_id,region_model,hydro_year,dmdt_model,dhdt,glacier_name,glacier_id,region_obs,begin_date,end_date,annual_balance,annual_balance_unc,ela,ela_unc,area,dmdt_obs,err_dmdt,dmdt_ci_upper,dmdt_ci_lower,residual
2000,RGI60-07.00493,,,,,MIDTRE LOVENBREEN,291.0,07,2000-05-05,2000-09-05,-0.028,,338.0,,5450000.0,-0.0001526,,,,
2001,RGI60-07.00493,07,2001.0,0.0012390236370265484,0.26090168952941895,MIDTRE LOVENBREEN,291.0,07,2001-04-24,2001-09-05,-0.331,,403.0,,5450000.0,-0.00180395,,,,0.0030429736370265483
2002,RGI60-07.00493,07,2002.0,-0.0027462532743811607,-0.5787283778190613,MIDTRE LOVENBREEN,291.0,07,2002-04-26,2002-09-03,-0.529,,437.0,,5450000.0,-0.00288305,,,,0.0001367967256188391
2003,RGI60-07.00493,07,2003.0,-0.0021523989271372557,-0.45383474230766296,MIDTRE LOVENBREEN,291.0,07,2003-04-22,2003-09-09,-0.783,,517.0,,5450000.0,-0.00426735,,,,0.002114951072862744
2004,RGI60-07.00493,07,2004.0,-0.004176707472652197,-0.8817124366760254,MIDTRE LOVENBREEN,291.0,07,2004-04-28,2004-09-10,-0.975,,571.0,,5450000.0,-0.00531375,,,,0.001137042527347803
2005,RGI60-07.00493,07,2005.0,-0.002927591325715184,-0.6185257434844971,MIDTRE LOVENBREEN,291.0,07,2005-05-04,2005-09-21,-0.739,,467.0,,5450000.0,-0.00402755,,,,0.0010999586742848162
2006,RGI60-07.00493,07,2006.0,-0.004319379571825266,-0.9137073755264282,MIDTRE LOVENBREEN,291.0,07,2006-04-29,2006-09-20,-0.486,,415.0,,5450000.0,-0.0026487,,,,-0.001670679571825266
2007,RGI60-07.00493,07,2007.0,-0.0016062217764556408,-0.339934766292572,MIDTRE LOVENBREEN,291.0,07,2007-04-16,2007-09-21,-0.251,,376.0,,5450000.0,-0.00136795,,,,-0.00023827177645564085
2008,RGI60-07.00493,07,2008.0,-0.003380183130502701,-0.7160971164703369,MIDTRE LOVENBREEN,291.0,07,2008-05-04,2008-09-19,-0.009,,331.0,,5450000.0,-4.904999999999999e-05,,,,-0.0033311331305027007
2009,RGI60-07.00493,07,2009.0,-0.0015591997653245926,-0.3304772973060608,MIDTRE LOVENBREEN,291.0,07,2009-05-03,2009-09-13,-0.14,,366.0,,5450000.0,-0.0007630000000000001,,,,-0.0007961997653245925
2010,RGI60-07.00493,07,2010.0,-0.0011915755458176136,-0.2526620626449585,MIDTRE LOVENBREEN,291.0,07,,,-0.2,,364.0,,5450000.0,-0.00109,,,,-0.00010157554581761356
2011,RGI60-07.00493,07,2011.0,-0.001997307874262333,-0.42378929257392883,MIDTRE LOVENBREEN,291.0,07,,,-0.92,,524.0,,5450000.0,-0.005014,,,,0.0030166921257376673
2012,RGI60-07.00493,07,2012.0,-0.0016297491965815425,-0.34598085284233093,MIDTRE LOVENBREEN,291.0,07,,,-0.26,,374.0,,5450000.0,-0.001417,,,,-0.00021274919658154242
2013,RGI60-07.00493,07,2013.0,0.0025514804292470217,0.5412496328353882,MIDTRE LOVENBREEN,291.0,07,,,-0.94,,546.0,,5450000.0,-0.005123,,,,0.007674480429247022
2014,RGI60-07.00493,07,2014.0,-0.008807776495814323,-1.873505711555481,MIDTRE LOVENBREEN,291.0,07,,,0.03,,321.0,,5450000.0,0.0001635,,,,-0.008971276495814324
2015,RGI60-07.00493,07,2015.0,0.0009604300721548498,0.20425604283809662,MIDTRE LOVENBREEN,291.0,07,,,-0.45,,409.0,,5450000.0,-0.0024525,,,,0.0034129300721548496
2016,RGI60-07.00493,07,2016.0,0.0008028815500438213,0.17072170972824097,MIDTRE LOVENBREEN,291.0,07,,,-1.2,,506.0,,5450000.0,-0.00654,,,,0.007342881550043821
2017,RGI60-07.00493,07,2017.0,-0.0008371896110475063,-0.17808443307876587,MIDTRE LOVENBREEN,291.0,07,,,-0.64,,455.0,,5450000.0,-0.003488,,,,0.002650810388952494
2018,RGI60-07.00493,07,2018.0,-0.003636658191680908,-0.7745267748832703,MIDTRE LOVENBREEN,291.0,07,,,-0.77,,506.0,,5450000.0,-0.0041965,,,,0.0005598418083190915
2019,RGI60-07.00493,07,2019.0,0.0037837864365428686,0.8050685524940491,MIDTRE LOVENBREEN,291.0,07,,,-0.6,,442.0,,5450000.0,-0.00327,,,,0.007053786436542869
2020,RGI60-07.00493,07,2020.0,-0.007298056036233902,-1.5564610958099365,MIDTRE LOVENBREEN,291.0,07,,,-1.574,,648.0,,5450000.0,-0.0085783,,,,0.0012802439637660985
2021,RGI60-07.00493,07,2021.0,-0.0028931850101798773,-0.6176416873931885,MIDTRE LOVENBREEN,291.0,07,,,-0.51,,434.0,,5450000.0,-0.0027795,,,,-0.00011368501017987743
2022,RGI60-07.00493,07,2022.0,-0.0058852313086390495,-1.2588741779327393,MIDTRE LOVENBREEN,291.0,07,,,-1.416,,609.0,,5450000.0,-0.0077172,,,,0.00183196869136095
2023,RGI60-07.00493,07,2023.0,-0.004752179142087698,-1.018140435218811,MIDTRE LOVENBREEN,291.0,07,,,-0.972,,485.0,,5450000.0,-0.0052974,,,,0.0005452208579123019
2024,RGI60-07.00493,07,2024.0,-0.0032256818376481533,-0.6919013261795044,MIDTRE LOVENBREEN,291.0,07,,,-1.955,,719.0,,5450000.0,-0.01065475,,,,0.007429068162351846
2025,RGI60-07.00493,07,2025.0,-0.005960237234830856,-1.281036615371704,,,,,,,,,,,,,,,
2026,RGI60-07.00493,07,2026.0,-0.004927979316562414,-1.0609550476074219,,,,,,,,,,,,,,,
2027,RGI60-07.00493,07,2027.0,-0.007203520741313696,-1.5546188354492188,,,,,,,,,,,,,,,
2028,RGI60-07.00493,07,2028.0,-0.008567881770431995,-1.8546541929244995,,,,,,,,,,,,,,,
2029,RGI60-07.00493,07,2029.0,-0.003876536386087537,-0.8403433561325073,,,,,,,,,,,,,,,
2030,RGI60-07.00493,07,2030.0,-0.009609756991267204,-2.0901167392730713,,,,,,,,,,,,,,,
2031,RGI60-07.00493,07,2031.0,-0.008850734680891037,-1.9309746026992798,,,,,,,,,,,,,,,
2032,RGI60-07.00493,07,2032.0,-0.004340039566159248,-0.9483969211578369,,,,,,,,,,,,,,,
2033,RGI60-07.00493,07,2033.0,-0.007129366509616375,-1.5620217323303223,,,,,,,,,,,,,,,
2034,RGI60-07.00493,07,2034.0,-0.0038615285884588957,-0.847425103187561,,,,,,,,,,,,,,,
2035,RGI60-07.00493,07,2035.0,-0.005514100659638643,-1.2126379013061523,,,,,,,,,,,,,,,
2036,RGI60-07.00493,07,2036.0,-0.010707681067287922,-2.365546226501465,,,,,,,,,,,,,,,
2037,RGI60-07.00493,07,2037.0,-0.011211243458092213,-2.487053155899048,,,,,,,,,,,,,,,
2038,RGI60-07.00493,07,2038.0,-0.009297526441514492,-2.069580078125,,,,,,,,,,,,,,,
2039,RGI60-07.00493,07,2039.0,-0.012375622056424618,-2.7890541553497314,,,,,,,,,,,,,,,
2040,RGI60-07.00493,07,2040.0,-0.012444516643881798,-2.817619800567627,,,,,,,,,,,,,,,
2041,RGI60-07.00493,07,2041.0,-0.010833706706762314,-2.4627251625061035,,,,,,,,,,,,,,,
2042,RGI60-07.00493,07,2042.0,-0.011676762253046036,-2.665900707244873,,,,,,,,,,,,,,,
2043,RGI60-07.00493,07,2043.0,-0.013218406587839127,-3.0330710411071777,,,,,,,,,,,,,,,
2044,RGI60-07.00493,07,2044.0,-0.009649799205362797,-2.2475624084472656,,,,,,,,,,,,,,,
2045,RGI60-07.00493,07,2045.0,-0.009734692983329296,-2.310811758041382,,,,,,,,,,,,,,,
2046,RGI60-07.00493,07,2046.0,-0.012896993197500706,-3.1265814304351807,,,,,,,,,,,,,,,
2047,RGI60-07.00493,07,2047.0,-0.008869118057191372,-2.157989025115967,,,,,,,,,,,,,,,
2048,RGI60-07.00493,07,2048.0,-0.012466019950807095,-3.096799612045288,,,,,,,,,,,,,,,
2049,RGI60-07.00493,07,2049.0,-0.011975475586950779,-3.0873725414276123,,,,,,,,,,,,,,,
2050,RGI60-07.00493,07,2050.0,-0.014159904792904854,-3.782386064529419,,,,,,,,,,,,,,,
2051,RGI60-07.00493,07,2051.0,-0.008224190212786198,-2.3103387355804443,,,,,,,,,,,,,,,
2052,RGI60-07.00493,07,2052.0,-0.005818495061248541,-1.759562611579895,,,,,,,,,,,,,,,
2053,RGI60-07.00493,07,2053.0,-0.007839233614504337,-2.4191997051239014,,,,,,,,,,,,,,,
2054,RGI60-07.00493,07,2054.0,-0.007517849560827017,-2.8259365558624268,,,,,,,,,,,,,,,
2055,RGI60-07.00493,07,2055.0,-0.004895350895822048,-2.072017192840576,,,,,,,,,,,,,,,
2056,RGI60-07.00493,07,2056.0,-0.004828365985304117,-2.1064999103546143,,,,,,,,,,,,,,,
2057,RGI60-07.00493,07,2057.0,-0.0040816026739776134,-1.9523881673812866,,,,,,,,,,,,,,,
2058,RGI60-07.00493,07,2058.0,-0.005418183282017708,-2.787386417388916,,,,,,,,,,,,,,,
2059,RGI60-07.00493,07,2059.0,-0.00411083223298192,-2.977633237838745,,,,,,,,,,,,,,,
2060,RGI60-07.00493,07,2060.0,-0.0011749626137316227,-1.1379328966140747,,,,,,,,,,,,,,,
2061,RGI60-07.00493,07,2061.0,-0.001148195588029921,-4.213816165924072,,,,,,,,,,,,,,,
2062,RGI60-07.00493,07,2062.0,-0.0002528128388803452,-7.636054039001465,,,,,,,,,,,,,,,
2063,RGI60-07.00493,07,2063.0,-2.000881613639649e-05,-0.6075212359428406,,,,,,,,,,,,,,,
2064,RGI60-07.00493,07,2064.0,-1.583817538630683e-05,-0.4828929305076599,,,,,,,,,,,,,,,
2065,RGI60-07.00493,07,2065.0,3.9387518881994765e-06,0.11991207301616669,,,,,,,,,,,,,,,
2066,RGI60-07.00493,07,2066.0,-3.2358471798943356e-05,-0.9938982725143433,,,,,,,,,,,,,,,
2067,RGI60-07.00493,07,2067.0,-2.712616878852714e-05,-2.0758628845214844,,,,,,,,,,,,,,,
2068,RGI60-07.00493,07,2068.0,-8.135199891512457e-07,-0.06230069324374199,,,,,,,,,,,,,,,
2069,RGI60-07.00493,07,2069.0,-5.322599918144988e-06,-0.40954968333244324,,,,,,,,,,,,,,,
2070,RGI60-07.00493,07,2070.0,9.671200018601667e-08,0.007440578658133745,,,,,,,,,,,,,,,
2071,RGI60-07.00493,07,2071.0,-6.893520094308769e-06,-0.5336814522743225,,,,,,,,,,,,,,,
2072,RGI60-07.00493,07,2072.0,-4.310400072427001e-07,-0.03338354453444481,,,,,,,,,,,,,,,
2073,RGI60-07.00493,07,2073.0,-2.052079616987612e-05,-1.6197283267974854,,,,,,,,,,,,,,,
2074,RGI60-07.00493,07,2074.0,1.9983308447990566e-05,0.17400886118412018,,,,,,,,,,,,,,,
2075,RGI60-07.00493,07,2075.0,-1.696756407909561e-05,-1.335479736328125,,,,,,,,,,,,,,,
2076,RGI60-07.00493,07,2076.0,-8.268491910712328e-06,-0.6558945178985596,,,,,,,,,,,,,,,
2077,RGI60-07.00493,07,2077.0,-1.1470956451375969e-05,-0.9200246930122375,,,,,,,,,,,,,,,
2078,RGI60-07.00493,07,2078.0,-3.644068101493758e-06,-0.29331257939338684,,,,,,,,,,,,,,,
2079,RGI60-07.00493,07,2079.0,-5.612956101685995e-06,-0.454294353723526,,,,,,,,,,,,,,,
2080,RGI60-07.00493,07,2080.0,5.903800115447666e-07,0.04775543138384819,,,,,,,,,,,,,,,
2081,RGI60-07.00493,07,2081.0,-1.0226957783743273e-05,-0.8357522487640381,,,,,,,,,,,,,,,
2082,RGI60-07.00493,07,2082.0,3.3653259379207157e-06,0.2740864157676697,,,,,,,,,,,,,,,
2083,RGI60-07.00493,07,2083.0,2.2065200937504414e-06,0.1793118119239807,,,,,,,,,,,,,,,
2084,RGI60-07.00493,07,2084.0,-4.3051159082097e-06,-0.35136717557907104,,,,,,,,,,,,,,,
2085,RGI60-07.00493,07,2085.0,-1.1649937732727267e-05,-0.9621801376342773,,,,,,,,,,,,,,,
2086,RGI60-07.00493,07,2086.0,-1.5818257452338003e-05,,,,,,,,,,,,,,,,
2087,RGI60-07.00493,07,2087.0,0.0,0.0,,,,,,,,,,,,,,,
2088,RGI60-07.00493,07,2088.0,0.0,0.0,,,,,,,,,,,,,,,
2089,RGI60-07.00493,07,2089.0,0.0,0.0,,,,,,,,,,,,,,,
2090,RGI60-07.00493,07,2090.0,0.0,0.0,,,,,,,,,,,,,,,
2091,RGI60-07.00493,07,2091.0,0.0,0.0,,,,,,,,,,,,,,,
2092,RGI60-07.00493,07,2092.0,0.0,0.0,,,,,,,,,,,,,,,
2093,RGI60-07.00493,07,2093.0,0.0,0.0,,,,,,,,,,,,,,,
2094,RGI60-07.00493,07,2094.0,0.0,0.0,,,,,,,,,,,,,,,
2095,RGI60-07.00493,07,2095.0,0.0,0.0,,,,,,,,,,,,,,,
2096,RGI60-07.00493,07,2096.0,0.0,0.0,,,,,,,,,,,,,,,
2097,RGI60-07.00493,07,2097.0,0.0,0.0,,,,,,,,,,,,,,,
2098,RGI60-07.00493,07,2098.0,0.0,0.0,,,,,,,,,,,,,,,
2099,RGI60-07.00493,07,2099.0,0.0,0.0,,,,,,,,,,,,,,,
2100,RGI60-07.00493,07,2100.0,0.0,0.0,,,,,,,,,,,,,,,
2000,RGI60-06.00234,,,,,HOFSJOEKULL E,3088.0,06,,,-0.97,,1280.0,,250000000.0,-0.2425,,,,
2001,RGI60-06.00234,06,2001.0,-0.44421035051345825,-1.8653336763381958,HOFSJOEKULL E,3088.0,06,,,-1.56,,1385.0,,250000000.0,-0.39,,,,-0.05421035051345824
2002,RGI60-06.00234,06,2002.0,-0.22801075875759125,-0.9576136469841003,HOFSJOEKULL E,3088.0,06,,,-0.74,,1250.0,,235899994.0,-0.17456599556,,,,-0.053444763197591255
2003,RGI60-06.00234,06,2003.0,-0.23077060282230377,-0.9693546891212463,HOFSJOEKULL E,3088.0,06,,,-1.31,,1320.0,,235899994.0,-0.30902899214,,,,0.07825838931769624
2004,RGI60-06.00234,06,2004.0,-0.3172697424888611,-1.3330352306365967,HOFSJOEKULL E,3088.0,06,,,-1.62,,1300.0,,235899994.0,-0.3821579902800001,,,,0.064888247791139
2005,RGI60-06.00234,06,2005.0,-0.2661621570587158,-1.1185389757156372,HOFSJOEKULL E,3088.0,06,,,-0.02,,1140.0,,235899994.0,-0.00471799988,,,,-0.26144415717871583
2006,RGI60-06.00234,06,2006.0,-0.16589730978012085,-0.6972520351409912,HOFSJOEKULL E,3088.0,06,,,-0.49,,1210.0,,235899994.0,-0.11559099706,,,,-0.050306312720120844
2007,RGI60-06.00234,06,2007.0,-0.3084658980369568,-1.296772837638855,HOFSJOEKULL E,3088.0,06,,,-0.87,,1230.0,,235899994.0,-0.20523299478,,,,-0.10323290325695678
2008,RGI60-06.00234,06,2008.0,-0.13256517052650452,-0.5573517680168152,HOFSJOEKULL E,3088.0,06,,,-0.79,,1210.0,,235899994.0,-0.18636099526000002,,,,0.053795824733495506
2009,RGI60-06.00234,06,2009.0,-0.4476538598537445,-1.8827316761016846,HOFSJOEKULL E,3088.0,06,,,-0.17,,1170.0,,235899994.0,-0.040102998980000006,,,,-0.4075508608737445
2010,RGI60-06.00234,06,2010.0,-0.06327946484088898,-0.2661570608615875,HOFSJOEKULL E,3088.0,06,,,-2.83,,1560.0,,235899994.0,-0.66759698302,,,,0.6043175181791111
2011,RGI60-06.00234,06,2011.0,-0.600615918636322,-2.527296781539917,HOFSJOEKULL E,3088.0,06,2010-10-06,2011-09-27,-0.33,0.6,1150.0,20.0,236000000.0,-0.07788,0.1416,0.199656,-0.355416,-0.5227359186363221
2012,RGI60-06.00234,06,2012.0,0.19352518022060394,0.8142141103744507,HOFSJOEKULL E,3088.0,06,2011-09-27,2012-09-20,-0.41,0.6,1190.0,20.0,236000000.0,-0.09676,0.1416,0.180776,-0.374296,0.29028518022060396
2013,RGI60-06.00234,06,2013.0,0.03932579606771469,0.1654394567012787,HOFSJOEKULL E,3088.0,06,2012-09-20,2013-10-08,-0.44,0.6,1185.0,20.0,212270004.0,-0.09339880176,0.12736200239999998,0.15623072294399998,-0.34302832646399994,0.13272459782771467
2014,RGI60-06.00234,06,2014.0,0.03188929334282875,0.1341712921857834,HOFSJOEKULL E,3088.0,06,2013-10-08,2014-10-09,-0.99,0.1,1240.0,20.0,212270004.0,-0.21014730396,0.021227000400000005,-0.168542383176,-0.251752224744,0.24203659730282875
2015,RGI60-06.00234,06,2015.0,-0.3087133467197418,-1.2991223335266113,HOFSJOEKULL E,3088.0,06,2014-10-09,2015-10-08,0.85,0.1,1030.0,20.0,212270004.0,0.1804295034,0.021227000400000005,0.222034424184,0.138824582616,-0.4891428501197418
2016,RGI60-06.00234,06,2016.0,-0.06164368614554405,-0.25942161679267883,HOFSJOEKULL E,3088.0,06,2015-10-08,2016-10-17,-1.33,0.1,1300.0,20.0,213100000.0,-0.283423,0.02131,-0.2416554,-0.3251906,0.22177931385445593
2017,RGI60-06.00234,06,2017.0,-0.44208383560180664,-1.8610892295837402,HOFSJOEKULL E,3088.0,06,2016-10-17,2017-10-03,-0.65,0.1,1225.0,20.0,213100000.0,-0.138515,0.02131,-0.09674740000000001,-0.1802826,-0.30356883560180664
2018,RGI60-06.00234,06,2018.0,-0.4071914255619049,-1.7147095203399658,HOFSJOEKULL E,3088.0,06,2017-10-03,2018-10-08,0.34,0.1,1100.0,20.0,213100000.0,0.072454,0.02131,0.1142216,0.03068640000000001,-0.4796454255619049
2019,RGI60-06.00234,06,2019.0,-0.16814126074314117,-0.7081711292266846,HOFSJOEKULL E,3088.0,06,2018-10-09,2019-11-06,-1.57,0.1,1300.0,20.0,208800000.0,-0.327816,0.02088,-0.2868912,-0.3687408,0.15967473925685882
2020,RGI60-06.00234,06,2020.0,-0.5421850681304932,-2.284497022628784,HOFSJOEKULL E,3088.0,06,2019-11-06,2020-10-10,-0.68,0.1,1234.0,20.0,207740000.0,-0.1412632,0.020774,-0.10054616,-0.18198024000000002,-0.40092186813049313
2021,RGI60-06.00234,06,2021.0,-0.5926929116249084,-2.4984850883483887,HOFSJOEKULL E,3088.0,06,2020-10-10,2021-10-20,-0.8,0.1,1263.0,20.0,207740000.0,-0.166192,0.020774,-0.12547496,-0.20690904000000002,-0.42650091162490844
2022,RGI60-06.00234,06,2022.0,-0.5844762921333313,-2.4649899005889893,HOFSJOEKULL E,3088.0,06,2021-10-20,2022-10-17,-0.19,0.1,1151.0,20.0,207700000.0,-0.039463,0.02077,0.0012462000000000029,-0.0801722,-0.5450132921333313
2023,RGI60-06.00234,06,2023.0,-0.43406012654304504,-1.831285834312439,HOFSJOEKULL E,3088.0,06,2022-10-17,2023-10-24,-1.21,0.1,1272.0,20.0,207700000.0,-0.251317,0.02077,-0.2106078,-0.2920262,-0.18274312654304503
2024,RGI60-06.00234,06,2024.0,-0.408659428358078,-1.7247116565704346,HOFSJOEKULL E,3088.0,06,2023-10-24,2024-11-05,-0.58,,,,207700000.0,-0.12046599999999999,,,,-0.28819342835807804
2025,RGI60-06.00234,06,2025.0,-0.3649170398712158,-1.5405733585357666,,,,,,,,,,,,,,,
2026,RGI60-06.00234,06,2026.0,-0.18362243473529816,-0.7753137946128845,,,,,,,,,,,,,,,
2027,RGI60-06.00234,06,2027.0,-0.41692641377449036,-1.7610348463058472,,,,,,,,,,,,,,,
2028,RGI60-06.00234,06,2028.0,-0.3470744490623474,-1.466417670249939,,,,,,,,,,,,,,,
2029,RGI60-06.00234,06,2029.0,-0.3002282679080963,-1.2688201665878296,,,,,,,,,,,,,,,
2030,RGI60-06.00234,06,2030.0,-0.5657528638839722,-2.39208984375,,,,,,,,,,,,,,,
2031,RGI60-06.00234,06,2031.0,-0.5800260901451111,-2.4535646438598633,,,,,,,,,,,,,,,
2032,RGI60-06.00234,06,2032.0,-0.5268465280532837,-2.2295892238616943,,,,,,,,,,,,,,,
2033,RGI60-06.00234,06,2033.0,-0.38456735014915466,-1.6280174255371094,,,,,,,,,,,,,,,
2034,RGI60-06.00234,06,2034.0,-0.20207317173480988,-0.8555880188941956,,,,,,,,,,,,,,,
2035,RGI60-06.00234,06,2035.0,-0.2941591143608093,-1.245840072631836,,,,,,,,,,,,,,,
2036,RGI60-06.00234,06,2036.0,-0.4134073853492737,-1.7515004873275757,,,,,,,,,,,,,,,
2037,RGI60-06.00234,06,2037.0,-0.37934961915016174,-1.6077502965927124,,,,,,,,,,,,,,,
2038,RGI60-06.00234,06,2038.0,-0.47862881422042847,-2.029340982437134,,,,,,,,,,,,,,,
2039,RGI60-06.00234,06,2039.0,-0.25201475620269775,-1.0687780380249023,,,,,,,,,,,,,,,
2040,RGI60-06.00234,06,2040.0,-0.8249902129173279,-3.505048990249634,,,,,,,,,,,,,,,
2041,RGI60-06.00234,06,2041.0,-0.6954323649406433,-2.956256151199341,,,,,,,,,,,,,,,
2042,RGI60-06.00234,06,2042.0,-0.4413204789161682,-1.8767591714859009,,,,,,,,,,,,,,,
2043,RGI60-06.00234,06,2043.0,-0.6786887049674988,-2.887770652770996,,,,,,,,,,,,,,,
2044,RGI60-06.00234,06,2044.0,-0.6209121942520142,-2.64326548576355,,,,,,,,,,,,,,,
2045,RGI60-06.00234,06,2045.0,-0.5511986613273621,-2.3475518226623535,,,,,,,,,,,,,,,
2046,RGI60-06.00234,06,2046.0,-0.7183794379234314,-3.0614049434661865,,,,,,,,,,,,,,,
2047,RGI60-06.00234,06,2047.0,-0.7003061771392822,-2.986072063446045,,,,,,,,,,,,,,,
2048,RGI60-06.00234,06,2048.0,-0.9113761186599731,-3.88897705078125,,,,,,,,,,,,,,,
2049,RGI60-06.00234,06,2049.0,-0.913162887096405,-3.899451494216919,,,,,,,,,,,,,,,
2050,RGI60-06.00234,06,2050.0,-0.9074544310569763,-3.8779313564300537,,,,,,,,,,,,,,,
2051,RGI60-06.00234,06,2051.0,-0.9347929358482361,-3.9977638721466064,,,,,,,,,,,,,,,
2052,RGI60-06.00234,06,2052.0,-0.8533772826194763,-3.6521012783050537,,,,,,,,,,,,,,,
2053,RGI60-06.00234,06,2053.0,-0.7543749213218689,-3.299067735671997,,,,,,,,,,,,,,,
2054,RGI60-06.00234,06,2054.0,-0.914588987827301,-4.002621173858643,,,,,,,,,,,,,,,
2055,RGI60-06.00234,06,2055.0,-0.6472650170326233,-2.886307954788208,,,,,,,,,,,,,,,
2056,RGI60-06.00234,06,2056.0,-0.633845329284668,-2.9673290252685547,,,,,,,,,,,,,,,
2057,RGI60-06.00234,06,2057.0,-0.6431545615196228,-3.1075897216796875,,,,,,,,,,,,,,,
2058,RGI60-06.00234,06,2058.0,-0.4918534457683563,-2.4337778091430664,,,,,,,,,,,,,,,
2059,RGI60-06.00234,06,2059.0,-0.5094422698020935,-2.5220937728881836,,,,,,,,,,,,,,,
2060,RGI60-06.00234,06,2060.0,-0.591797411441803,-2.974033832550049,,,,,,,,,,,,,,,
2061,RGI60-06.00234,06,2061.0,-0.5787866711616516,-2.9102916717529297,,,,,,,,,,,,,,,
2062,RGI60-06.00234,06,2062.0,-0.5229898691177368,-2.7198173999786377,,,,,,,,,,,,,,,
2063,RGI60-06.00234,06,2063.0,-0.38103365898132324,-1.9877901077270508,,,,,,,,,,,,,,,
2064,RGI60-06.00234,06,2064.0,-0.8052434325218201,-4.204158782958984,,,,,,,,,,,,,,,
2065,RGI60-06.00234,06,2065.0,-0.5957798957824707,-3.1123905181884766,,,,,,,,,,,,,,,
2066,RGI60-06.00234,06,2066.0,-0.5236588716506958,-2.737107515335083,,,,,,,,,,,,,,,
2067,RGI60-06.00234,06,2067.0,-0.4152948260307312,-2.248603343963623,,,,,,,,,,,,,,,
2068,RGI60-06.00234,06,2068.0,-0.4794173240661621,-2.618072986602783,,,,,,,,,,,,,,,
2069,RGI60-06.00234,06,2069.0,-0.48573604226112366,-2.6539149284362793,,,,,,,,,,,,,,,
2070,RGI60-06.00234,06,2070.0,-0.4083847105503082,-2.2402327060699463,,,,,,,,,,,,,,,
2071,RGI60-06.00234,06,2071.0,-0.6133162975311279,-3.511896848678589,,,,,,,,,,,,,,,
2072,RGI60-06.00234,06,2072.0,-0.5071920156478882,-2.9436519145965576,,,,,,,,,,,,,,,
2073,RGI60-06.00234,06,2073.0,-0.2481958419084549,-1.4407371282577515,,,,,,,,,,,,,,,
2074,RGI60-06.00234,06,2074.0,-0.3689288794994354,-2.1421589851379395,,,,,,,,,,,,,,,
2075,RGI60-06.00234,06,2075.0,-0.2708241045475006,-1.6391310691833496,,,,,,,,,,,,,,,
2076,RGI60-06.00234,06,2076.0,-0.2818593382835388,-1.7063047885894775,,,,,,,,,,,,,,,
2077,RGI60-06.00234,06,2077.0,-0.303478866815567,-1.8376600742340088,,,,,,,,,,,,,,,
2078,RGI60-06.00234,06,2078.0,-0.33486902713775635,-2.028290033340454,,,,,,,,,,,,,,,
2079,RGI60-06.00234,06,2079.0,-0.32313546538352966,-2.047227621078491,,,,,,,,,,,,,,,
2080,RGI60-06.00234,06,2080.0,-0.26540297269821167,-1.6818801164627075,,,,,,,,,,,,,,,
2081,RGI60-06.00234,06,2081.0,-0.290208101272583,-1.839519739151001,,,,,,,,,,,,,,,
2082,RGI60-06.00234,06,2082.0,-0.20770403742790222,-1.3167777061462402,,,,,,,,,,,,,,,
2083,RGI60-06.00234,06,2083.0,-0.3886295258998871,-2.5864439010620117,,,,,,,,,,,,,,,
2084,RGI60-06.00234,06,2084.0,-0.25631392002105713,-1.7062609195709229,,,,,,,,,,,,,,,
2085,RGI60-06.00234,06,2085.0,-0.3863457441329956,-2.5728542804718018,,,,,,,,,,,,,,,
2086,RGI60-06.00234,06,2086.0,-0.40429943799972534,-2.693537950515747,,,,,,,,,,,,,,,
2087,RGI60-06.00234,06,2087.0,-0.31350743770599365,-2.194753646850586,,,,,,,,,,,,,,,
2088,RGI60-06.00234,06,2088.0,-0.5010347962379456,-3.5095913410186768,,,,,,,,,,,,,,,
2089,RGI60-06.00234,06,2089.0,-0.1991686224937439,-1.3953837156295776,,,,,,,,,,,,,,,
2090,RGI60-06.00234,06,2090.0,-0.3076920509338379,-2.1563732624053955,,,,,,,,,,,,,,,
2091,RGI60-06.00234,06,2091.0,-0.24287956953048706,-1.7025864124298096,,,,,,,,,,,,,,,
2092,RGI60-06.00234,06,2092.0,-0.4255289137363434,-2.98443341255188,,,,,,,,,,,,,,,
2093,RGI60-06.00234,06,2093.0,-0.3783891499042511,-2.78228497505188,,,,,,,,,,,,,,,
2094,RGI60-06.00234,06,2094.0,-0.3475148677825928,-2.5563058853149414,,,,,,,,,,,,,,,
2095,RGI60-06.00234,06,2095.0,-0.520081102848053,-4.006059646606445,,,,,,,,,,,,,,,
2096,RGI60-06.00234,06,2096.0,-0.3313877582550049,-2.667189359664917,,,,,,,,,,,,,,,
2097,RGI60-06.00234,06,2097.0,-0.30995067954063416,-2.6314117908477783,,,,,,,,,,,,,,,
2098,RGI60-06.00234,06,2098.0,-0.18620821833610535,-1.5812815427780151,,,,,,,,,,,,,,,
2099,RGI60-06.00234,06,2099.0,-0.2546970248222351,-2.163679361343384,,,,,,,,,,,,,,,
2100,RGI60-06.00234,06,2100.0,-0.21083612740039825,-1.7916165590286255,,,,,,,,,,,,,,,
2000,RGI60-06.00236,,,,,HOFSJOEKULL SW,3090.0,06,,,-1.75,,1390.0,,51000000.0,-0.08925,,,,
2001,RGI60-06.00236,06,2001.0,-0.08465258777141571,-1.3776271343231201,HOFSJOEKULL SW,3090.0,06,,,-1.89,,1385.0,,51000000.0,-0.09639,,,,0.011737412228584293
2002,RGI60-06.00236,06,2002.0,-0.02203163132071495,-0.3585943877696991,HOFSJOEKULL SW,3090.0,06,,,-0.64,,1320.0,,51500000.0,-0.03296,,,,0.010928368679285053
2003,RGI60-06.00236,06,2003.0,-0.03883611038327217,-0.6322733163833618,HOFSJOEKULL SW,3090.0,06,,,-1.17,,1340.0,,51500000.0,-0.060255,,,,0.021418889616727832
2004,RGI60-06.00236,06,2004.0,-0.07182326167821884,-1.1699436902999878,HOFSJOEKULL SW,3090.0,06,,,-1.5,,1355.0,,51500000.0,-0.07725,,,,0.005426738321781158
2005,RGI60-06.00236,06,2005.0,-0.05102475732564926,-0.8314722180366516,HOFSJOEKULL SW,3090.0,06,,,-0.58,,1319.0,,51500000.0,-0.029869999999999997,,,,-0.021154757325649264
2006,RGI60-06.00236,06,2006.0,-0.03391304612159729,-0.5527445673942566,HOFSJOEKULL SW,3090.0,06,,,-0.61,,1330.0,,51500000.0,-0.031415,,,,-0.0024980461215972916
2007,RGI60-06.00236,06,2007.0,-0.05370806157588959,-0.8757342100143433,HOFSJOEKULL SW,3090.0,06,,,-0.86,,,,51500000.0,-0.04429,,,,-0.009418061575889584
2008,RGI60-06.00236,06,2008.0,-0.005656018853187561,-0.09224060922861099,HOFSJOEKULL SW,3090.0,06,,,-0.93,,,,51500000.0,-0.047895,,,,0.04223898114681244
2009,RGI60-06.00236,06,2009.0,-0.08762739598751068,-1.4297707080841064,HOFSJOEKULL SW,3090.0,06,,,-0.35,,1290.0,,51500000.0,-0.018025,,,,-0.06960239598751068
2010,RGI60-06.00236,06,2010.0,-0.01791282370686531,-0.29230228066444397,HOFSJOEKULL SW,3090.0,06,,,-3.49,,,,51500000.0,-0.179735,,,,0.1618221762931347
2011,RGI60-06.00236,06,2011.0,-0.13469064235687256,-2.200144052505493,HOFSJOEKULL SW,3090.0,06,2010-10-07,2011-09-28,-0.28,0.6,1280.0,20.0,51500000.0,-0.014420000000000002,0.0309,0.046144,-0.074984,-0.12027064235687256
2012,RGI60-06.00236,06,2012.0,0.040987785905599594,0.6693354845046997,HOFSJOEKULL SW,3090.0,06,2011-09-28,2012-09-19,0.04,0.6,1235.0,20.0,51500000.0,0.00206,0.0309,0.062624,-0.058504,0.038927785905599595
2013,RGI60-06.00236,06,2013.0,0.0029737616423517466,0.04856512323021889,HOFSJOEKULL SW,3090.0,06,2012-09-19,2013-10-09,0.06,0.6,1255.0,20.0,51500000.0,0.00309,0.0309,0.063654,-0.057474,-0.0001162383576482533
2014,RGI60-06.00236,06,2014.0,0.009229565970599651,0.15069738030433655,HOFSJOEKULL SW,3090.0,06,2013-10-09,2014-10-10,-0.99,0.6,1375.0,20.0,51500000.0,-0.050985,0.0309,0.009578999999999997,-0.11154900000000001,0.060214565970599654
2015,RGI60-06.00236,06,2015.0,-0.07893680036067963,-1.2896928787231445,HOFSJOEKULL SW,3090.0,06,2014-10-08,2015-10-08,1.38,0.1,1150.0,20.0,51369999.0,0.07089059861999998,0.0051369999,0.08095911842399998,0.060822078815999985,-0.1498273989806796
2016,RGI60-06.00236,06,2016.0,0.01869191601872444,0.3053484559059143,HOFSJOEKULL SW,3090.0,06,2015-10-08,2016-10-16,-0.44,0.1,1325.0,20.0,50100000.0,-0.022044,0.00501,-0.012224400000000002,-0.0318636,0.04073591601872444
2017,RGI60-06.00236,06,2017.0,-0.08758650720119476,-1.4317489862442017,HOFSJOEKULL SW,3090.0,06,2016-10-16,2017-10-05,0.34,0.1,1260.0,20.0,48800000.0,0.016592000000000003,0.00488,0.0261568,0.0070272000000000025,-0.10417850720119476
2018,RGI60-06.00236,06,2018.0,-0.06886313110589981,-1.1262524127960205,HOFSJOEKULL SW,3090.0,06,2017-10-05,2018-10-09,0.85,0.1,1190.0,20.0,48800000.0,0.04148,0.00488,0.0510448,0.031915200000000005,-0.11034313110589981
2019,RGI60-06.00236,06,2019.0,-0.008687452413141727,-0.1421026587486267,HOFSJOEKULL SW,3090.0,06,2018-10-08,2019-11-05,-0.92,0.1,1390.0,20.0,48000000.0,-0.04416,0.0048,-0.034752,-0.053568,0.03547254758685827
2020,RGI60-06.00236,06,2020.0,-0.10121799260377884,-1.6568491458892822,HOFSJOEKULL SW,3090.0,06,2019-11-05,2020-10-09,-0.08,0.1,1339.0,20.0,47780000.0,-0.0038224,0.004778,0.005542480000000001,-0.013187280000000001,-0.09739559260377884
2021,RGI60-06.00236,06,2021.0,-0.11607945710420609,-1.9017606973648071,HOFSJOEKULL SW,3090.0,06,2020-10-09,2021-10-21,-0.48,0.1,1355.0,20.0,47780000.0,-0.0229344,0.004778,-0.01356952,-0.03229928,-0.09314505710420609
2022,RGI60-06.00236,06,2022.0,-0.16540132462978363,-2.7132110595703125,HOFSJOEKULL SW,3090.0,06,2021-10-21,2022-10-17,0.46,0.1,1251.0,20.0,47800000.0,0.021988,0.00478,0.031356800000000004,0.0126192,-0.18738932462978364
2023,RGI60-06.00236,06,2023.0,-0.09181016683578491,-1.5071160793304443,HOFSJOEKULL SW,3090.0,06,2022-10-17,2023-10-25,-0.69,0.1,1376.0,20.0,47800000.0,-0.032982,0.00478,-0.023613199999999997,-0.042350799999999994,-0.058828166835784915
2024,RGI60-06.00236,06,2024.0,-0.09480594843626022,-1.5574530363082886,HOFSJOEKULL SW,3090.0,06,2023-10-25,2024-11-05,0.03,,,,47800000.0,0.001434,,,,-0.09623994843626023
2025,RGI60-06.00236,06,2025.0,-0.05773564428091049,-0.948910117149353,,,,,,,,,,,,,,,
2026,RGI60-06.00236,06,2026.0,-0.0057105449959635735,-0.09387245774269104,,,,,,,,,,,,,,,
2027,RGI60-06.00236,06,2027.0,-0.07558974623680115,-1.2431724071502686,,,,,,,,,,,,,,,
2028,RGI60-06.00236,06,2028.0,-0.07291797548532486,-1.1999467611312866,,,,,,,,,,,,,,,
2029,RGI60-06.00236,06,2029.0,-0.06957197189331055,-1.1455119848251343,,,,,,,,,,,,,,,
2030,RGI60-06.00236,06,2030.0,-0.10194360464811325,-1.689056396484375,,,,,,,,,,,,,,,
2031,RGI60-06.00236,06,2031.0,-0.1585467904806137,-2.6300370693206787,,,,,,,,,,,,,,,
2032,RGI60-06.00236,06,2032.0,-0.15053775906562805,-2.500023365020752,,,,,,,,,,,,,,,
2033,RGI60-06.00236,06,2033.0,-0.11387850344181061,-1.8928654193878174,,,,,,,,,,,,,,,
2034,RGI60-06.00236,06,2034.0,-0.06380061060190201,-1.0610215663909912,,,,,,,,,,,,,,,
2035,RGI60-06.00236,06,2035.0,-0.06512390822172165,-1.0835587978363037,,,,,,,,,,,,,,,
2036,RGI60-06.00236,06,2036.0,-0.07038356363773346,-1.171717643737793,,,,,,,,,,,,,,,
2037,RGI60-06.00236,06,2037.0,-0.07384281605482101,-1.2300361394882202,,,,,,,,,,,,,,,
2038,RGI60-06.00236,06,2038.0,-0.11550379544496536,-1.9257289171218872,,,,,,,,,,,,,,,
2039,RGI60-06.00236,06,2039.0,-0.07416682690382004,-1.2372608184814453,,,,,,,,,,,,,,,
2040,RGI60-06.00236,06,2040.0,-0.16737684607505798,-2.7957863807678223,,,,,,,,,,,,,,,
2041,RGI60-06.00236,06,2041.0,-0.18548575043678284,-3.1026723384857178,,,,,,,,,,,,,,,
2042,RGI60-06.00236,06,2042.0,-0.14311489462852478,-2.3966195583343506,,,,,,,,,,,,,,,
2043,RGI60-06.00236,06,2043.0,-0.12757080793380737,-2.1384456157684326,,,,,,,,,,,,,,,
2044,RGI60-06.00236,06,2044.0,-0.1732027381658554,-2.9072952270507812,,,,,,,,,,,,,,,
2045,RGI60-06.00236,06,2045.0,-0.1422770768404007,-2.4105496406555176,,,,,,,,,,,,,,,
2046,RGI60-06.00236,06,2046.0,-0.2015918791294098,-3.420811891555786,,,,,,,,,,,,,,,
2047,RGI60-06.00236,06,2047.0,-0.15983130037784576,-2.754319190979004,,,,,,,,,,,,,,,
2048,RGI60-06.00236,06,2048.0,-0.23324209451675415,-4.026641845703125,,,,,,,,,,,,,,,
2049,RGI60-06.00236,06,2049.0,-0.21520449221134186,-3.8777222633361816,,,,,,,,,,,,,,,
2050,RGI60-06.00236,06,2050.0,-0.1845598667860031,-3.3887057304382324,,,,,,,,,,,,,,,
2051,RGI60-06.00236,06,2051.0,-0.20954428613185883,-3.8538479804992676,,,,,,,,,,,,,,,
2052,RGI60-06.00236,06,2052.0,-0.16086885333061218,-3.022951364517212,,,,,,,,,,,,,,,
2053,RGI60-06.00236,06,2053.0,-0.18577097356319427,-3.4961655139923096,,,,,,,,,,,,,,,
2054,RGI60-06.00236,06,2054.0,-0.19630706310272217,-3.7854819297790527,,,,,,,,,,,,,,,
2055,RGI60-06.00236,06,2055.0,-0.1415032297372818,-2.7319517135620117,,,,,,,,,,,,,,,
2056,RGI60-06.00236,06,2056.0,-0.12548518180847168,-2.593641757965088,,,,,,,,,,,,,,,
2057,RGI60-06.00236,06,2057.0,-0.1440056562423706,-3.098748207092285,,,,,,,,,,,,,,,
2058,RGI60-06.00236,06,2058.0,-0.05739223584532738,-1.2832099199295044,,,,,,,,,,,,,,,
2059,RGI60-06.00236,06,2059.0,-0.08465731143951416,-1.8943285942077637,,,,,,,,,,,,,,,
2060,RGI60-06.00236,06,2060.0,-0.09206182509660721,-2.1253254413604736,,,,,,,,,,,,,,,
2061,RGI60-06.00236,06,2061.0,-0.103218674659729,-2.385312080383301,,,,,,,,,,,,,,,
2062,RGI60-06.00236,06,2062.0,-0.0738973468542099,-1.7089042663574219,,,,,,,,,,,,,,,
2063,RGI60-06.00236,06,2063.0,-0.08132702857255936,-1.8821978569030762,,,,,,,,,,,,,,,
2064,RGI60-06.00236,06,2064.0,-0.14085416495800018,-3.264399528503418,,,,,,,,,,,,,,,
2065,RGI60-06.00236,06,2065.0,-0.10070785880088806,-2.4159042835235596,,,,,,,,,,,,,,,
2066,RGI60-06.00236,06,2066.0,-0.07849692553281784,-1.884531855583191,,,,,,,,,,,,,,,
2067,RGI60-06.00236,06,2067.0,-0.06427036970853806,-1.5439493656158447,,,,,,,,,,,,,,,
2068,RGI60-06.00236,06,2068.0,-0.09478288143873215,-2.2791364192962646,,,,,,,,,,,,,,,
2069,RGI60-06.00236,06,2069.0,-0.056168023496866226,-1.3512643575668335,,,,,,,,,,,,,,,
2070,RGI60-06.00236,06,2070.0,-0.061138272285461426,-1.471675992012024,,,,,,,,,,,,,,,
2071,RGI60-06.00236,06,2071.0,-0.12783505022525787,-3.0812323093414307,,,,,,,,,,,,,,,
2072,RGI60-06.00236,06,2072.0,-0.06387295573949814,-1.5971758365631104,,,,,,,,,,,,,,,
2073,RGI60-06.00236,06,2073.0,-0.03955962508916855,-0.9895741939544678,,,,,,,,,,,,,,,
2074,RGI60-06.00236,06,2074.0,-0.05180227756500244,-1.2964915037155151,,,,,,,,,,,,,,,
2075,RGI60-06.00236,06,2075.0,-0.044243089854717255,-1.1077848672866821,,,,,,,,,,,,,,,
2076,RGI60-06.00236,06,2076.0,-0.04990435391664505,-1.2501877546310425,,,,,,,,,,,,,,,
2077,RGI60-06.00236,06,2077.0,-0.07098754495382309,-1.7797150611877441,,,,,,,,,,,,,,,
2078,RGI60-06.00236,06,2078.0,-0.06414873152971268,-1.6093310117721558,,,,,,,,,,,,,,,
2079,RGI60-06.00236,06,2079.0,-0.06474694609642029,-1.6871862411499023,,,,,,,,,,,,,,,
2080,RGI60-06.00236,06,2080.0,-0.05897243693470955,-1.5377171039581299,,,,,,,,,,,,,,,
2081,RGI60-06.00236,06,2081.0,-0.059464745223522186,-1.5515708923339844,,,,,,,,,,,,,,,
2082,RGI60-06.00236,06,2082.0,-0.05193964019417763,-1.3559976816177368,,,,,,,,,,,,,,,
2083,RGI60-06.00236,06,2083.0,-0.09211058914661407,-2.407287120819092,,,,,,,,,,,,,,,
2084,RGI60-06.00236,06,2084.0,-0.06753196567296982,-1.7662899494171143,,,,,,,,,,,,,,,
2085,RGI60-06.00236,06,2085.0,-0.07705670595169067,-2.0957796573638916,,,,,,,,,,,,,,,
2086,RGI60-06.00236,06,2086.0,-0.08244271576404572,-2.2445383071899414,,,,,,,,,,,,,,,
2087,RGI60-06.00236,06,2087.0,-0.07161931693553925,-1.951554536819458,,,,,,,,,,,,,,,
2088,RGI60-06.00236,06,2088.0,-0.14667585492134094,-4.0043158531188965,,,,,,,,,,,,,,,
2089,RGI60-06.00236,06,2089.0,-0.04564608633518219,-1.2967113256454468,,,,,,,,,,,,,,,
2090,RGI60-06.00236,06,2090.0,-0.05096393823623657,-1.4486801624298096,,,,,,,,,,,,,,,
2091,RGI60-06.00236,06,2091.0,-0.051295287907123566,-1.4590411186218262,,,,,,,,,,,,,,,
2092,RGI60-06.00236,06,2092.0,-0.1024799570441246,-2.9189934730529785,,,,,,,,,,,,,,,
2093,RGI60-06.00236,06,2093.0,-0.08522039651870728,-2.4300270080566406,,,,,,,,,,,,,,,
2094,RGI60-06.00236,06,2094.0,-0.07923774421215057,-2.350776195526123,,,,,,,,,,,,,,,
2095,RGI60-06.00236,06,2095.0,-0.1291494369506836,-3.838726282119751,,,,,,,,,,,,,,,
2096,RGI60-06.00236,06,2096.0,-0.07869353145360947,-2.341521978378296,,,,,,,,,,,,,,,
2097,RGI60-06.00236,06,2097.0,-0.08639060705900192,-2.6743323802948,,,,,,,,,,,,,,,
2098,RGI60-06.00236,06,2098.0,-0.047401927411556244,-1.4683878421783447,,,,,,,,,,,,,,,
2099,RGI60-06.00236,06,2099.0,-0.0780780166387558,-2.421468496322632,,,,,,,,,,,,,,,
2100,RGI60-06.00236,06,2100.0,-0.05728239566087723,-1.7780165672302246,,,,,,,,,,,,,,,
2000,RGI60-06.00377,,,,,BRUARJOKULL,3067.0,06,,,-1.01,,1450.0,,1700000000.0,-1.717,,,,
2001,RGI60-06.00377,06,2001.0,-1.8855912685394287,-1.465991735458374,BRUARJOKULL,3067.0,06,,,0.14,,1192.0,,1695000000.0,0.23730000000000004,,,,-2.1228912685394286
2002,RGI60-06.00377,06,2002.0,-0.9908959269523621,-0.7704203128814697,BRUARJOKULL,3067.0,06,,,0.052,,1200.0,,1695000000.0,0.08814,,,,-1.0790359269523622
2003,RGI60-06.00377,06,2003.0,1.5954126119613647,1.2402945756912231,BRUARJOKULL,3067.0,06,,,-0.568,,1258.0,,1695000000.0,-0.9627599999999998,,,,2.5581726119613646
2004,RGI60-06.00377,06,2004.0,-1.1950410604476929,-0.9290955066680908,BRUARJOKULL,3067.0,06,,,-0.8,,1280.0,,1695000000.0,-1.356,,,,0.16095893955230722
2005,RGI60-06.00377,06,2005.0,-1.7750294208526611,-1.3801214694976807,BRUARJOKULL,3067.0,06,,,-1.557,,1445.0,,1695000000.0,-2.639115,,,,0.8640855791473387
2006,RGI60-06.00377,06,2006.0,-0.49798133969306946,-0.3872087895870209,BRUARJOKULL,3067.0,06,,,-0.79,,,,1600000000.0,-1.264,,,,0.7660186603069306
2007,RGI60-06.00377,06,2007.0,-0.9207671880722046,-0.7159762382507324,BRUARJOKULL,3067.0,06,,,-0.536,,,,1600000000.0,-0.8576,,,,-0.06316718807220456
2008,RGI60-06.00377,06,2008.0,-0.037648074328899384,-0.02926086261868477,BRUARJOKULL,3067.0,06,,,-0.503,,,,1600000000.0,-0.8048,,,,0.7671519256711006
2009,RGI60-06.00377,06,2009.0,-2.3234431743621826,-1.8068575859069824,BRUARJOKULL,3067.0,06,,,-0.122,,1225.0,,1600000000.0,-0.1952,,,,-2.128243174362183
2010,RGI60-06.00377,06,2010.0,-0.4068474769592285,-0.3164058029651642,BRUARJOKULL,3067.0,06,,,-1.57,,1545.0,,1600000000.0,-2.512,,,,2.1051525230407715
2011,RGI60-06.00377,06,2011.0,-2.4263546466827393,-1.8871634006500244,BRUARJOKULL,3067.0,06,,,0.515,,1105.0,,1539000000.0,0.792585,,,,-3.218939646682739
2012,RGI60-06.00377,06,2012.0,-0.09462349861860275,-0.07358341664075851,BRUARJOKULL,3067.0,06,,,-0.759,,1322.0,,1526000000.0,-1.158234,,,,1.0636105013813972
2013,RGI60-06.00377,06,2013.0,-0.03821849822998047,-0.0297270268201828,BRUARJOKULL,3067.0,06,,,-0.07,,1230.0,,1525000000.0,-0.10675000000000001,,,,0.06853150177001954
2014,RGI60-06.00377,06,2014.0,-0.3295716345310211,-0.2567313611507416,BRUARJOKULL,3067.0,06,,,-0.034,,1210.0,,1525000000.0,-0.05185,,,,-0.2777216345310211
2015,RGI60-06.00377,06,2015.0,-0.9132509827613831,-0.7113719582557678,BRUARJOKULL,3067.0,06,,,1.044,,1050.0,,1525000000.0,1.5921,,,,-2.5053509827613833
2016,RGI60-06.00377,06,2016.0,-0.15918222069740295,-0.12400604039430618,BRUARJOKULL,3067.0,06,,,-0.342,,1200.0,,1525000000.0,-0.5215500000000001,,,,0.3623677793025971
2017,RGI60-06.00377,06,2017.0,-1.6903045177459717,-1.3168063163757324,BRUARJOKULL,3067.0,06,,,0.026,,1230.0,,1525000000.0,0.03965,,,,-1.7299545177459716
2018,RGI60-06.00377,06,2018.0,-1.8519362211227417,-1.4428303241729736,BRUARJOKULL,3067.0,06,,,0.062,,1190.0,,1525000000.0,0.09455,,,,-1.9464862211227416
2019,RGI60-06.00377,06,2019.0,-0.1557261198759079,-0.12131629884243011,BRUARJOKULL,3067.0,06,,,-0.304,,1220.0,,1500000000.0,-0.456,,,,0.3002738801240921
2020,RGI60-06.00377,06,2020.0,-1.8202608823776245,-1.4182958602905273,BRUARJOKULL,3067.0,06,,,-0.175,,1220.0,,1495000000.0,-0.261625,,,,-1.5586358823776245
2021,RGI60-06.00377,06,2021.0,-2.8353159427642822,-2.2095682621002197,BRUARJOKULL,3067.0,06,,,-0.84,,1335.0,,1495000000.0,-1.2558,,,,-1.5795159427642822
2022,RGI60-06.00377,06,2022.0,-1.8387829065322876,-1.4330949783325195,BRUARJOKULL,3067.0,06,,,0.344,,1200.0,,1491400000.0,0.5130416,,,,-2.351824506532288
2023,RGI60-06.00377,06,2023.0,-2.0564169883728027,-1.6029002666473389,BRUARJOKULL,3067.0,06,,,-0.713,,1278.0,,1481100000.0,-1.0560243,,,,-1.0003926883728027
2024,RGI60-06.00377,06,2024.0,-1.7746268510818481,-1.3833640813827515,BRUARJOKULL,3067.0,06,,,-0.06,,1205.0,,1481100000.0,-0.088866,,,,-1.6857608510818483
2025,RGI60-06.00377,06,2025.0,-1.217790961265564,-0.9493882060050964,,,,,,,,,,,,,,,
2026,RGI60-06.00377,06,2026.0,-0.8776832818984985,-0.6842392683029175,,,,,,,,,,,,,,,
2027,RGI60-06.00377,06,2027.0,-1.7846596240997314,-1.391516923904419,,,,,,,,,,,,,,,
2028,RGI60-06.00377,06,2028.0,-1.0228397846221924,-0.7975297570228577,,,,,,,,,,,,,,,
2029,RGI60-06.00377,06,2029.0,-1.1721569299697876,-0.9140373468399048,,,,,,,,,,,,,,,
2030,RGI60-06.00377,06,2030.0,-2.6803951263427734,-2.090463399887085,,,,,,,,,,,,,,,
2031,RGI60-06.00377,06,2031.0,-3.359671115875244,-2.6207377910614014,,,,,,,,,,,,,,,
2032,RGI60-06.00377,06,2032.0,-2.6373112201690674,-2.0575132369995117,,,,,,,,,,,,,,,
2033,RGI60-06.00377,06,2033.0,-2.3365628719329834,-1.8231627941131592,,,,,,,,,,,,,,,
2034,RGI60-06.00377,06,2034.0,-1.2614117860794067,-0.9842894077301025,,,,,,,,,,,,,,,
2035,RGI60-06.00377,06,2035.0,-1.432270884513855,-1.1177189350128174,,,,,,,,,,,,,,,
2036,RGI60-06.00377,06,2036.0,-1.8690154552459717,-1.4587147235870361,,,,,,,,,,,,,,,
2037,RGI60-06.00377,06,2037.0,-2.306464672088623,-1.803993821144104,,,,,,,,,,,,,,,
2038,RGI60-06.00377,06,2038.0,-2.2876741886138916,-1.789559006690979,,,,,,,,,,,,,,,
2039,RGI60-06.00377,06,2039.0,-0.7512166500091553,-0.587651789188385,,,,,,,,,,,,,,,
2040,RGI60-06.00377,06,2040.0,-4.113974571228027,-3.219043493270874,,,,,,,,,,,,,,,
2041,RGI60-06.00377,06,2041.0,-3.311084270477295,-2.591304302215576,,,,,,,,,,,,,,,
2042,RGI60-06.00377,06,2042.0,-2.8841712474823,-2.2575464248657227,,,,,,,,,,,,,,,
2043,RGI60-06.00377,06,2043.0,-3.1600892543792725,-2.473923683166504,,,,,,,,,,,,,,,
2044,RGI60-06.00377,06,2044.0,-3.2385060787200928,-2.535781145095825,,,,,,,,,,,,,,,
2045,RGI60-06.00377,06,2045.0,-3.750781536102295,-2.9375181198120117,,,,,,,,,,,,,,,
2046,RGI60-06.00377,06,2046.0,-4.224838733673096,-3.309614658355713,,,,,,,,,,,,,,,
2047,RGI60-06.00377,06,2047.0,-3.9593894481658936,-3.1023361682891846,,,,,,,,,,,,,,,
2048,RGI60-06.00377,06,2048.0,-4.720135688781738,-3.709064245223999,,,,,,,,,,,,,,,
2049,RGI60-06.00377,06,2049.0,-4.843682765960693,-3.807115077972412,,,,,,,,,,,,,,,
2050,RGI60-06.00377,06,2050.0,-4.996087074279785,-3.9280283451080322,,,,,,,,,,,,,,,
2051,RGI60-06.00377,06,2051.0,-4.9061279296875,-3.8583292961120605,,,,,,,,,,,,,,,
2052,RGI60-06.00377,06,2052.0,-4.638866901397705,-3.649102210998535,,,,,,,,,,,,,,,
2053,RGI60-06.00377,06,2053.0,-4.473510265350342,-3.519888162612915,,,,,,,,,,,,,,,
2054,RGI60-06.00377,06,2054.0,-5.343341827392578,-4.205595016479492,,,,,,,,,,,,,,,
2055,RGI60-06.00377,06,2055.0,-3.241760730743408,-2.551988124847412,,,,,,,,,,,,,,,
2056,RGI60-06.00377,06,2056.0,-3.733064889907837,-2.9486782550811768,,,,,,,,,,,,,,,
2057,RGI60-06.00377,06,2057.0,-4.102331161499023,-3.2665183544158936,,,,,,,,,,,,,,,
2058,RGI60-06.00377,06,2058.0,-3.895703077316284,-3.1392362117767334,,,,,,,,,,,,,,,
2059,RGI60-06.00377,06,2059.0,-3.653104543685913,-2.955925941467285,,,,,,,,,,,,,,,
2060,RGI60-06.00377,06,2060.0,-4.488106727600098,-3.663048505783081,,,,,,,,,,,,,,,
2061,RGI60-06.00377,06,2061.0,-3.3076281547546387,-2.7108922004699707,,,,,,,,,,,,,,,
2062,RGI60-06.00377,06,2062.0,-3.541234016418457,-2.9255106449127197,,,,,,,,,,,,,,,
2063,RGI60-06.00377,06,2063.0,-3.2389087677001953,-2.6871449947357178,,,,,,,,,,,,,,,
2064,RGI60-06.00377,06,2064.0,-6.214985370635986,-5.291726589202881,,,,,,,,,,,,,,,
2065,RGI60-06.00377,06,2065.0,-4.185110092163086,-3.5641188621520996,,,,,,,,,,,,,,,
2066,RGI60-06.00377,06,2066.0,-3.9989166259765625,-3.441401958465576,,,,,,,,,,,,,,,
2067,RGI60-06.00377,06,2067.0,-3.0918731689453125,-2.6612164974212646,,,,,,,,,,,,,,,
2068,RGI60-06.00377,06,2068.0,-3.1423726081848145,-2.7334136962890625,,,,,,,,,,,,,,,
2069,RGI60-06.00377,06,2069.0,-3.666257858276367,-3.189701557159424,,,,,,,,,,,,,,,
2070,RGI60-06.00377,06,2070.0,-2.8773932456970215,-2.528015375137329,,,,,,,,,,,,,,,
2071,RGI60-06.00377,06,2071.0,-4.449116230010986,-3.909817695617676,,,,,,,,,,,,,,,
2072,RGI60-06.00377,06,2072.0,-4.759058475494385,-4.222557544708252,,,,,,,,,,,,,,,
2073,RGI60-06.00377,06,2073.0,-2.1558051109313965,-1.9316351413726807,,,,,,,,,,,,,,,
2074,RGI60-06.00377,06,2074.0,-2.6224465370178223,-2.3500571250915527,,,,,,,,,,,,,,,
2075,RGI60-06.00377,06,2075.0,-2.5479557514190674,-2.3072896003723145,,,,,,,,,,,,,,,
2076,RGI60-06.00377,06,2076.0,-2.1763405799865723,-1.9936001300811768,,,,,,,,,,,,,,,
2077,RGI60-06.00377,06,2077.0,-2.1061110496520996,-1.9529985189437866,,,,,,,,,,,,,,,
2078,RGI60-06.00377,06,2078.0,-2.5098044872283936,-2.327608346939087,,,,,,,,,,,,,,,
2079,RGI60-06.00377,06,2079.0,-2.6263725757598877,-2.4360525608062744,,,,,,,,,,,,,,,
2080,RGI60-06.00377,06,2080.0,-2.9594337940216064,-2.779191493988037,,,,,,,,,,,,,,,
2081,RGI60-06.00377,06,2081.0,-2.8256523609161377,-2.653923988342285,,,,,,,,,,,,,,,
2082,RGI60-06.00377,06,2082.0,-1.9287759065628052,-1.8117575645446777,,,,,,,,,,,,,,,
2083,RGI60-06.00377,06,2083.0,-3.092846155166626,-2.905681610107422,,,,,,,,,,,,,,,
2084,RGI60-06.00377,06,2084.0,-2.8201494216918945,-2.6827218532562256,,,,,,,,,,,,,,,
2085,RGI60-06.00377,06,2085.0,-3.383327007293701,-3.2190797328948975,,,,,,,,,,,,,,,
2086,RGI60-06.00377,06,2086.0,-3.262094736099243,-3.1042726039886475,,,,,,,,,,,,,,,
2087,RGI60-06.00377,06,2087.0,-2.476015090942383,-2.3565573692321777,,,,,,,,,,,,,,,
2088,RGI60-06.00377,06,2088.0,-4.989678382873535,-4.809500694274902,,,,,,,,,,,,,,,
2089,RGI60-06.00377,06,2089.0,-1.6492339372634888,-1.5897973775863647,,,,,,,,,,,,,,,
2090,RGI60-06.00377,06,2090.0,-3.2621283531188965,-3.145129442214966,,,,,,,,,,,,,,,
2091,RGI60-06.00377,06,2091.0,-2.867159128189087,-2.7997679710388184,,,,,,,,,,,,,,,
2092,RGI60-06.00377,06,2092.0,-3.641226291656494,-3.5564188957214355,,,,,,,,,,,,,,,
2093,RGI60-06.00377,06,2093.0,-3.910735607147217,-3.820476770401001,,,,,,,,,,,,,,,
2094,RGI60-06.00377,06,2094.0,-3.5768017768859863,-3.5403594970703125,,,,,,,,,,,,,,,
2095,RGI60-06.00377,06,2095.0,-4.987094402313232,-4.937779426574707,,,,,,,,,,,,,,,
2096,RGI60-06.00377,06,2096.0,-3.6604864597320557,-3.6730775833129883,,,,,,,,,,,,,,,
2097,RGI60-06.00377,06,2097.0,-4.292081832885742,-4.308008193969727,,,,,,,,,,,,,,,
2098,RGI60-06.00377,06,2098.0,-3.4360744953155518,-3.4954566955566406,,,,,,,,,,,,,,,
2099,RGI60-06.00377,06,2099.0,-3.278536558151245,-3.335878372192383,,,,,,,,,,,,,,,
2100,RGI60-06.00377,06,2100.0,-2.514334201812744,-2.558676242828369,,,,,,,,,,,,,,,
2000,RGI60-06.00472,,,,,EYJABAKKAJOKULL,3069.0,06,,,-2.02,,1240.0,,107900000.0,-0.217958,,,,
2001,RGI60-06.00472,06,2001.0,-0.17350368201732635,-1.4888663291931152,EYJABAKKAJOKULL,3069.0,06,,,0.286,,1040.0,,119000000.0,0.034034,,,,-0.20753768201732636
2002,RGI60-06.00472,06,2002.0,-0.10773279517889023,-0.9246983528137207,EYJABAKKAJOKULL,3069.0,06,,,-1.093,,1157.0,,119000000.0,-0.130067,,,,0.02233420482110976
2003,RGI60-06.00472,06,2003.0,0.2997857928276062,2.5716800689697266,EYJABAKKAJOKULL,3069.0,06,,,-1.094,,1205.0,,119000000.0,-0.13018600000000002,,,,0.4299717928276062
2004,RGI60-06.00472,06,2004.0,-0.11115115135908127,-0.953744113445282,EYJABAKKAJOKULL,3069.0,06,,,-1.31,,1180.0,,119000000.0,-0.15589,,,,0.04473884864091873
2005,RGI60-06.00472,06,2005.0,-0.17043554782867432,-1.463028073310852,EYJABAKKAJOKULL,3069.0,06,,,-2.202,,1255.0,,119000000.0,-0.262038,,,,0.09160245217132568
2006,RGI60-06.00472,06,2006.0,-0.055339645594358444,-0.4750967025756836,EYJABAKKAJOKULL,3069.0,06,,,-1.425,,,,110000000.0,-0.15675,,,,0.10141035440564156
2007,RGI60-06.00472,06,2007.0,-0.08623699098825455,-0.7404868602752686,EYJABAKKAJOKULL,3069.0,06,,,-0.636,,,,110000000.0,-0.06996,,,,-0.016276990988254553
2008,RGI60-06.00472,06,2008.0,-0.0044333795085549355,-0.03812525421380997,EYJABAKKAJOKULL,3069.0,06,,,-1.282,,,,110000000.0,-0.14102,,,,0.13658662049144507
2009,RGI60-06.00472,06,2009.0,-0.21920481324195862,-1.885331153869629,EYJABAKKAJOKULL,3069.0,06,,,-0.507,,1140.0,,110000000.0,-0.05577,,,,-0.16343481324195863
2010,RGI60-06.00472,06,2010.0,-0.04215904697775841,-0.36263057589530945,EYJABAKKAJOKULL,3069.0,06,,,-1.75,,1271.0,,110000000.0,-0.1925,,,,0.1503409530222416
2011,RGI60-06.00472,06,2011.0,-0.20625700056552887,-1.7750015258789062,EYJABAKKAJOKULL,3069.0,06,,,0.525,,1050.0,,113000000.0,0.059325,,,,-0.2655820005655289
2012,RGI60-06.00472,06,2012.0,-0.01244240254163742,-0.10709527134895325,EYJABAKKAJOKULL,3069.0,06,,,-0.954,,1195.0,,112000000.0,-0.106848,,,,0.09440559745836258
2013,RGI60-06.00472,06,2013.0,0.0041670408099889755,0.035868089646101,EYJABAKKAJOKULL,3069.0,06,,,-0.5,,1120.0,,112000000.0,-0.056,,,,0.06016704080998898
2014,RGI60-06.00472,06,2014.0,-0.01495059672743082,-0.12868058681488037,EYJABAKKAJOKULL,3069.0,06,,,-0.353,,1126.0,,112000000.0,-0.039536,,,,0.02458540327256918
2015,RGI60-06.00472,06,2015.0,-0.09201464056968689,-0.7922000288963318,EYJABAKKAJOKULL,3069.0,06,,,0.734,,1020.0,,112000000.0,0.082208,,,,-0.1742226405696869
2016,RGI60-06.00472,06,2016.0,-0.01673317514359951,-0.14408309757709503,EYJABAKKAJOKULL,3069.0,06,,,-0.93,,1192.0,,112000000.0,-0.10416,,,,0.08742682485640049
2017,RGI60-06.00472,06,2017.0,-0.18156513571739197,-1.5639351606369019,EYJABAKKAJOKULL,3069.0,06,,,-0.452,,1155.0,,112000000.0,-0.050624,,,,-0.13094113571739197
2018,RGI60-06.00472,06,2018.0,-0.18075142800807953,-1.5575997829437256,EYJABAKKAJOKULL,3069.0,06,,,-0.39,,1115.0,,112000000.0,-0.04368,,,,-0.13707142800807953
2019,RGI60-06.00472,06,2019.0,-0.009871294721961021,-0.08506322652101517,EYJABAKKAJOKULL,3069.0,06,,,-0.728,,1150.0,,108000000.0,-0.078624,,,,0.06875270527803898
2020,RGI60-06.00472,06,2020.0,-0.14856015145778656,-1.2807904481887817,EYJABAKKAJOKULL,3069.0,06,,,-0.778,,1165.0,,106500000.0,-0.082857,,,,-0.06570315145778656
2021,RGI60-06.00472,06,2021.0,-0.2542712986469269,-2.193488597869873,EYJABAKKAJOKULL,3069.0,06,,,-1.477,,1215.0,,106500000.0,-0.1573005,,,,-0.09697079864692687
2022,RGI60-06.00472,06,2022.0,-0.1497723013162613,-1.2925233840942383,EYJABAKKAJOKULL,3069.0,06,,,-0.359,,1126.0,,104600000.0,-0.0375514,,,,-0.11222090131626129
2023,RGI60-06.00472,06,2023.0,-0.18733438849449158,-1.6175113916397095,EYJABAKKAJOKULL,3069.0,06,,,-1.417,,1239.0,,103600000.0,-0.1468012,,,,-0.040533188494491584
2024,RGI60-06.00472,06,2024.0,-0.16598118841648102,-1.4338163137435913,EYJABAKKAJOKULL,3069.0,06,,,-0.51,,1180.0,,103600000.0,-0.052836,,,,-0.11314518841648102
2025,RGI60-06.00472,06,2025.0,-0.10385725647211075,-0.8974437117576599,,,,,,,,,,,,,,,
2026,RGI60-06.00472,06,2026.0,-0.0813988596200943,-0.7035538554191589,,,,,,,,,,,,,,,
2027,RGI60-06.00472,06,2027.0,-0.15708717703819275,-1.3582751750946045,,,,,,,,,,,,,,,
2028,RGI60-06.00472,06,2028.0,-0.08848933130502701,-0.7653624415397644,,,,,,,,,,,,,,,
2029,RGI60-06.00472,06,2029.0,-0.08963017910718918,-0.7754466533660889,,,,,,,,,,,,,,,
2030,RGI60-06.00472,06,2030.0,-0.24386732280254364,-2.111255645751953,,,,,,,,,,,,,,,
2031,RGI60-06.00472,06,2031.0,-0.30945783853530884,-2.681145668029785,,,,,,,,,,,,,,,
2032,RGI60-06.00472,06,2032.0,-0.23655246198177338,-2.050913095474243,,,,,,,,,,,,,,,
2033,RGI60-06.00472,06,2033.0,-0.20055274665355682,-1.7397888898849487,,,,,,,,,,,,,,,
2034,RGI60-06.00472,06,2034.0,-0.1331607699394226,-1.1555942296981812,,,,,,,,,,,,,,,
2035,RGI60-06.00472,06,2035.0,-0.12286374717950821,-1.0666378736495972,,,,,,,,,,,,,,,
2036,RGI60-06.00472,06,2036.0,-0.16231326758861542,-1.4097524881362915,,,,,,,,,,,,,,,
2037,RGI60-06.00472,06,2037.0,-0.21053309738636017,-1.8296377658843994,,,,,,,,,,,,,,,
2038,RGI60-06.00472,06,2038.0,-0.19538326561450958,-1.6989587545394897,,,,,,,,,,,,,,,
2039,RGI60-06.00472,06,2039.0,-0.06183033436536789,-0.5378090143203735,,,,,,,,,,,,,,,
2040,RGI60-06.00472,06,2040.0,-0.3681109845638275,-3.204911470413208,,,,,,,,,,,,,,,
2041,RGI60-06.00472,06,2041.0,-0.29568585753440857,-2.576456308364868,,,,,,,,,,,,,,,
2042,RGI60-06.00472,06,2042.0,-0.26819008588790894,-2.3388419151306152,,,,,,,,,,,,,,,
2043,RGI60-06.00472,06,2043.0,-0.28424379229545593,-2.480930805206299,,,,,,,,,,,,,,,
2044,RGI60-06.00472,06,2044.0,-0.2957110106945038,-2.5877952575683594,,,,,,,,,,,,,,,
2045,RGI60-06.00472,06,2045.0,-0.3285503089427948,-2.8777525424957275,,,,,,,,,,,,,,,
2046,RGI60-06.00472,06,2046.0,-0.3651666045188904,-3.2019851207733154,,,,,,,,,,,,,,,
2047,RGI60-06.00472,06,2047.0,-0.3483453392982483,-3.057554006576538,,,,,,,,,,,,,,,
2048,RGI60-06.00472,06,2048.0,-0.41389182209968567,-3.6372687816619873,,,,,,,,,,,,,,,
2049,RGI60-06.00472,06,2049.0,-0.45202434062957764,-3.977424383163452,,,,,,,,,,,,,,,
2050,RGI60-06.00472,06,2050.0,-0.46108824014663696,-4.0624566078186035,,,,,,,,,,,,,,,
2051,RGI60-06.00472,06,2051.0,-0.44321000576019287,-3.9098663330078125,,,,,,,,,,,,,,,
2052,RGI60-06.00472,06,2052.0,-0.40855246782302856,-3.608423948287964,,,,,,,,,,,,,,,
2053,RGI60-06.00472,06,2053.0,-0.38814300298690796,-3.432002305984497,,,,,,,,,,,,,,,
2054,RGI60-06.00472,06,2054.0,-0.47739776968955994,-4.226602554321289,,,,,,,,,,,,,,,
2055,RGI60-06.00472,06,2055.0,-0.2880113124847412,-2.5846428871154785,,,,,,,,,,,,,,,
2056,RGI60-06.00472,06,2056.0,-0.30109021067619324,-2.75294828414917,,,,,,,,,,,,,,,
2057,RGI60-06.00472,06,2057.0,-0.3463960289955139,-3.274390935897827,,,,,,,,,,,,,,,
2058,RGI60-06.00472,06,2058.0,-0.2944789528846741,-2.789050340652466,,,,,,,,,,,,,,,
2059,RGI60-06.00472,06,2059.0,-0.2822766602039337,-2.7276296615600586,,,,,,,,,,,,,,,
2060,RGI60-06.00472,06,2060.0,-0.34621986746788025,-3.3489394187927246,,,,,,,,,,,,,,,
2061,RGI60-06.00472,06,2061.0,-0.24216128885746002,-2.39448881149292,,,,,,,,,,,,,,,
2062,RGI60-06.00472,06,2062.0,-0.28189918398857117,-2.7900407314300537,,,,,,,,,,,,,,,
2063,RGI60-06.00472,06,2063.0,-0.25117799639701843,-2.488192319869995,,,,,,,,,,,,,,,
2064,RGI60-06.00472,06,2064.0,-0.5298811197280884,-5.386934280395508,,,,,,,,,,,,,,,
2065,RGI60-06.00472,06,2065.0,-0.3568041920661926,-3.6907787322998047,,,,,,,,,,,,,,,
2066,RGI60-06.00472,06,2066.0,-0.3133941888809204,-3.2451512813568115,,,,,,,,,,,,,,,
2067,RGI60-06.00472,06,2067.0,-0.265087366104126,-2.7526421546936035,,,,,,,,,,,,,,,
2068,RGI60-06.00472,06,2068.0,-0.24863414466381073,-2.64363431930542,,,,,,,,,,,,,,,
2069,RGI60-06.00472,06,2069.0,-0.2617853879928589,-2.884202241897583,,,,,,,,,,,,,,,
2070,RGI60-06.00472,06,2070.0,-0.1838793307542801,-2.0266799926757812,,,,,,,,,,,,,,,
2071,RGI60-06.00472,06,2071.0,-0.32559964060783386,-3.591245651245117,,,,,,,,,,,,,,,
2072,RGI60-06.00472,06,2072.0,-0.4028461277484894,-4.447098255157471,,,,,,,,,,,,,,,
2073,RGI60-06.00472,06,2073.0,-0.1541018784046173,-1.7017077207565308,,,,,,,,,,,,,,,
2074,RGI60-06.00472,06,2074.0,-0.19664785265922546,-2.1724488735198975,,,,,,,,,,,,,,,
2075,RGI60-06.00472,06,2075.0,-0.1909603774547577,-2.169405698776245,,,,,,,,,,,,,,,
2076,RGI60-06.00472,06,2076.0,-0.17465606331825256,-1.9849311113357544,,,,,,,,,,,,,,,
2077,RGI60-06.00472,06,2077.0,-0.16219058632850647,-1.8439114093780518,,,,,,,,,,,,,,,
2078,RGI60-06.00472,06,2078.0,-0.203909233212471,-2.319241762161255,,,,,,,,,,,,,,,
2079,RGI60-06.00472,06,2079.0,-0.21326777338981628,-2.426825761795044,,,,,,,,,,,,,,,
2080,RGI60-06.00472,06,2080.0,-0.23111873865127563,-2.631300687789917,,,,,,,,,,,,,,,
2081,RGI60-06.00472,06,2081.0,-0.2521951198577881,-2.87284517288208,,,,,,,,,,,,,,,
2082,RGI60-06.00472,06,2082.0,-0.14360353350639343,-1.6872854232788086,,,,,,,,,,,,,,,
2083,RGI60-06.00472,06,2083.0,-0.24617628753185272,-2.894124984741211,,,,,,,,,,,,,,,
2084,RGI60-06.00472,06,2084.0,-0.23489150404930115,-2.762907028198242,,,,,,,,,,,,,,,
2085,RGI60-06.00472,06,2085.0,-0.2849987745285034,-3.354482650756836,,,,,,,,,,,,,,,
2086,RGI60-06.00472,06,2086.0,-0.26434600353240967,-3.113276958465576,,,,,,,,,,,,,,,
2087,RGI60-06.00472,06,2087.0,-0.2036895602941513,-2.4000020027160645,,,,,,,,,,,,,,,
2088,RGI60-06.00472,06,2088.0,-0.4267882704734802,-5.197442531585693,,,,,,,,,,,,,,,
2089,RGI60-06.00472,06,2089.0,-0.10947133600711823,-1.3334612846374512,,,,,,,,,,,,,,,
2090,RGI60-06.00472,06,2090.0,-0.254650354385376,-3.103736639022827,,,,,,,,,,,,,,,
2091,RGI60-06.00472,06,2091.0,-0.23175469040870667,-2.8261947631835938,,,,,,,,,,,,,,,
2092,RGI60-06.00472,06,2092.0,-0.2852897346019745,-3.598855972290039,,,,,,,,,,,,,,,
2093,RGI60-06.00472,06,2093.0,-0.30558231472969055,-4.012558460235596,,,,,,,,,,,,,,,
2094,RGI60-06.00472,06,2094.0,-0.29943397641181946,-3.934741973876953,,,,,,,,,,,,,,,
2095,RGI60-06.00472,06,2095.0,-0.38892102241516113,-5.301214218139648,,,,,,,,,,,,,,,
2096,RGI60-06.00472,06,2096.0,-0.2846904695034027,-3.8832976818084717,,,,,,,,,,,,,,,
2097,RGI60-06.00472,06,2097.0,-0.31326523423194885,-4.438326835632324,,,,,,,,,,,,,,,
2098,RGI60-06.00472,06,2098.0,-0.2517106831073761,-3.5685935020446777,,,,,,,,,,,,,,,
2099,RGI60-06.00472,06,2099.0,-0.2312571406364441,-3.280635356903076,,,,,,,,,,,,,,,
2100,RGI60-06.00472,06,2100.0,-0.1993977427482605,-2.941997528076172,,,,,,,,,,,,,,,
2000,RGI60-06.00443,,,,,TUNGNAARJOKULL,3126.0,06,,,-1.28,,1310.0,,309000000.0,-0.39552,,,,
2001,RGI60-06.00443,06,2001.0,-0.6771116852760315,-2.765376329421997,TUNGNAARJOKULL,3126.0,06,,,-1.629,,1310.0,,352000000.0,-0.573408,,,,-0.10370368527603147
2002,RGI60-06.00443,06,2002.0,-0.5945845246315002,-2.429652690887451,TUNGNAARJOKULL,3126.0,06,,,-1.276,,1255.0,,352000000.0,-0.449152,,,,-0.14543252463150025
2003,RGI60-06.00443,06,2003.0,-0.43385881185531616,-1.7735810279846191,TUNGNAARJOKULL,3126.0,06,,,-1.22,,1290.0,,352000000.0,-0.42944,,,,-0.004418811855316174
2004,RGI60-06.00443,06,2004.0,-0.4772866368293762,-1.9519379138946533,TUNGNAARJOKULL,3126.0,06,,,-1.699,,1290.0,,352000000.0,-0.598048,,,,0.1207613631706238
2005,RGI60-06.00443,06,2005.0,-0.6136266589164734,-2.510974884033203,TUNGNAARJOKULL,3126.0,06,,,-1.757,,1320.0,,352000000.0,-0.618464,,,,0.004837341083526625
2006,RGI60-06.00443,06,2006.0,-0.3655000329017639,-1.4962202310562134,TUNGNAARJOKULL,3126.0,06,,,-1.569,,,,360000000.0,-0.56484,,,,0.1993399670982361
2007,RGI60-06.00443,06,2007.0,-0.32717248797416687,-1.3397414684295654,TUNGNAARJOKULL,3126.0,06,,,-0.997,,,,360000000.0,-0.35892,,,,0.03174751202583315
2008,RGI60-06.00443,06,2008.0,-0.34363093972206116,-1.407444715499878,TUNGNAARJOKULL,3126.0,06,,,-1.34,,,,360000000.0,-0.4824,,,,0.13876906027793884
2009,RGI60-06.00443,06,2009.0,-0.6804922819137573,-2.789140224456787,TUNGNAARJOKULL,3126.0,06,,,-0.809,,1225.0,,360000000.0,-0.29124,,,,-0.3892522819137573
2010,RGI60-06.00443,06,2010.0,-0.4375413954257965,-1.7940200567245483,TUNGNAARJOKULL,3126.0,06,,,-3.51,,1680.0,,360000000.0,-1.2636,,,,0.8260586045742035
2011,RGI60-06.00443,06,2011.0,-0.891105055809021,-3.6571147441864014,TUNGNAARJOKULL,3126.0,06,,,-1.38,,1345.0,,360000000.0,-0.49679999999999996,,,,-0.39430505580902103
2012,RGI60-06.00443,06,2012.0,-0.2120640128850937,-0.8703771233558655,TUNGNAARJOKULL,3126.0,06,,,-1.294,,1420.0,,345000000.0,-0.44643,,,,0.2343659871149063
2013,RGI60-06.00443,06,2013.0,-0.15840208530426025,-0.6502125859260559,TUNGNAARJOKULL,3126.0,06,,,-0.81,,1210.0,,345000000.0,-0.27945,,,,0.12104791469573972
2014,RGI60-06.00443,06,2014.0,-0.24353806674480438,-0.9998347163200378,TUNGNAARJOKULL,3126.0,06,,,-1.535,,1415.0,,345000000.0,-0.529575,,,,0.28603693325519564
2015,RGI60-06.00443,06,2015.0,-0.5104551911354065,-2.0966198444366455,TUNGNAARJOKULL,3126.0,06,,,0.196,,1125.0,,345000000.0,0.06762,,,,-0.5780751911354065
2016,RGI60-06.00443,06,2016.0,-0.2939871549606323,-1.20780611038208,TUNGNAARJOKULL,3126.0,06,,,-1.415,,1355.0,,345000000.0,-0.488175,,,,0.1941878450393677
2017,RGI60-06.00443,06,2017.0,-0.7306897044181824,-3.0040411949157715,TUNGNAARJOKULL,3126.0,06,,,-0.449,,1200.0,,345000000.0,-0.154905,,,,-0.5757847044181824
2018,RGI60-06.00443,06,2018.0,-0.7661483287811279,-3.163487672805786,TUNGNAARJOKULL,3126.0,06,,,-0.32,,1175.0,,345000000.0,-0.1104,,,,-0.6557483287811279
2019,RGI60-06.00443,06,2019.0,-0.3838878571987152,-1.5855567455291748,TUNGNAARJOKULL,3126.0,06,,,-1.914,,1415.0,,332000000.0,-0.635448,,,,0.2515601428012848
2020,RGI60-06.00443,06,2020.0,-0.9723654985427856,-4.020149230957031,TUNGNAARJOKULL,3126.0,06,,,-0.774,,1225.0,,330000000.0,-0.25542,,,,-0.7169454985427857
2021,RGI60-06.00443,06,2021.0,-0.9499511122703552,-3.9311583042144775,TUNGNAARJOKULL,3126.0,06,,,-1.611,,1350.0,,330000000.0,-0.53163,,,,-0.4183211122703552
2022,RGI60-06.00443,06,2022.0,-0.960235595703125,-3.977487564086914,TUNGNAARJOKULL,3126.0,06,,,-1.355,,1385.0,,327400000.0,-0.443627,,,,-0.516608595703125
2023,RGI60-06.00443,06,2023.0,-0.8403623700141907,-3.483649253845215,TUNGNAARJOKULL,3126.0,06,,,-1.529,,1346.0,,323200000.0,-0.4941728,,,,-0.34618957001419065
2024,RGI60-06.00443,06,2024.0,-0.8725913763046265,-3.619799852371216,TUNGNAARJOKULL,3126.0,06,,,-1.37,,1365.0,,323200000.0,-0.44278400000000007,,,,-0.4298073763046264
2025,RGI60-06.00443,06,2025.0,-0.7540519833564758,-3.1301462650299072,,,,,,,,,,,,,,,
2026,RGI60-06.00443,06,2026.0,-0.49414774775505066,-2.0520598888397217,,,,,,,,,,,,,,,
2027,RGI60-06.00443,06,2027.0,-0.7126038670539856,-2.9613852500915527,,,,,,,,,,,,,,,
2028,RGI60-06.00443,06,2028.0,-0.7424337267875671,-3.0872535705566406,,,,,,,,,,,,,,,
2029,RGI60-06.00443,06,2029.0,-0.6666259169578552,-2.773573875427246,,,,,,,,,,,,,,,
2030,RGI60-06.00443,06,2030.0,-1.0341895818710327,-4.3069024085998535,,,,,,,,,,,,,,,
2031,RGI60-06.00443,06,2031.0,-0.9868903756141663,-4.113860130310059,,,,,,,,,,,,,,,
2032,RGI60-06.00443,06,2032.0,-1.044734001159668,-4.359018325805664,,,,,,,,,,,,,,,
2033,RGI60-06.00443,06,2033.0,-0.8409537672996521,-3.51127552986145,,,,,,,,,,,,,,,
2034,RGI60-06.00443,06,2034.0,-0.5431162118911743,-2.268620491027832,,,,,,,,,,,,,,,
2035,RGI60-06.00443,06,2035.0,-0.6284577250480652,-2.626563310623169,,,,,,,,,,,,,,,
2036,RGI60-06.00443,06,2036.0,-0.7672388553619385,-3.2088847160339355,,,,,,,,,,,,,,,
2037,RGI60-06.00443,06,2037.0,-0.844510555267334,-3.552091598510742,,,,,,,,,,,,,,,
2038,RGI60-06.00443,06,2038.0,-0.8891714811325073,-3.7429721355438232,,,,,,,,,,,,,,,
2039,RGI60-06.00443,06,2039.0,-0.6751781105995178,-2.8435747623443604,,,,,,,,,,,,,,,
2040,RGI60-06.00443,06,2040.0,-1.3392119407653809,-5.647496223449707,,,,,,,,,,,,,,,
2041,RGI60-06.00443,06,2041.0,-1.2233484983444214,-5.164830684661865,,,,,,,,,,,,,,,
2042,RGI60-06.00443,06,2042.0,-1.168747067451477,-4.938604831695557,,,,,,,,,,,,,,,
2043,RGI60-06.00443,06,2043.0,-1.2906922101974487,-5.4600629806518555,,,,,,,,,,,,,,,
2044,RGI60-06.00443,06,2044.0,-1.2656186819076538,-5.359777450561523,,,,,,,,,,,,,,,
2045,RGI60-06.00443,06,2045.0,-1.0227265357971191,-4.33519983291626,,,,,,,,,,,,,,,
2046,RGI60-06.00443,06,2046.0,-1.4110478162765503,-6.1581711769104,,,,,,,,,,,,,,,
2047,RGI60-06.00443,06,2047.0,-1.2940267324447632,-5.653892993927002,,,,,,,,,,,,,,,
2048,RGI60-06.00443,06,2048.0,-1.4651291370391846,-6.707020282745361,,,,,,,,,,,,,,,
2049,RGI60-06.00443,06,2049.0,-1.42375648021698,-6.702848434448242,,,,,,,,,,,,,,,
2050,RGI60-06.00443,06,2050.0,-1.2975246906280518,-6.297040939331055,,,,,,,,,,,,,,,
2051,RGI60-06.00443,06,2051.0,-1.271985650062561,-6.48952579498291,,,,,,,,,,,,,,,
2052,RGI60-06.00443,06,2052.0,-1.000496745109558,-5.2726664543151855,,,,,,,,,,,,,,,
2053,RGI60-06.00443,06,2053.0,-0.8867387771606445,-4.723287582397461,,,,,,,,,,,,,,,
2054,RGI60-06.00443,06,2054.0,-1.0292109251022339,-5.490083694458008,,,,,,,,,,,,,,,
2055,RGI60-06.00443,06,2055.0,-0.7608131766319275,-4.190385818481445,,,,,,,,,,,,,,,
2056,RGI60-06.00443,06,2056.0,-0.8601762652397156,-4.74280309677124,,,,,,,,,,,,,,,
2057,RGI60-06.00443,06,2057.0,-0.9859886169433594,-5.443387508392334,,,,,,,,,,,,,,,
2058,RGI60-06.00443,06,2058.0,-0.802546501159668,-4.48716926574707,,,,,,,,,,,,,,,
2059,RGI60-06.00443,06,2059.0,-0.8045430183410645,-4.645412445068359,,,,,,,,,,,,,,,
2060,RGI60-06.00443,06,2060.0,-0.7859706282615662,-4.543424129486084,,,,,,,,,,,,,,,
2061,RGI60-06.00443,06,2061.0,-0.7966325283050537,-4.610500335693359,,,,,,,,,,,,,,,
2062,RGI60-06.00443,06,2062.0,-0.8322673439979553,-4.8220367431640625,,,,,,,,,,,,,,,
2063,RGI60-06.00443,06,2063.0,-0.6964096426963806,-4.166220188140869,,,,,,,,,,,,,,,
2064,RGI60-06.00443,06,2064.0,-1.2953604459762573,-7.764035701751709,,,,,,,,,,,,,,,
2065,RGI60-06.00443,06,2065.0,-0.9498462677001953,-5.886043071746826,,,,,,,,,,,,,,,
2066,RGI60-06.00443,06,2066.0,-0.7891373038291931,-4.896124839782715,,,,,,,,,,,,,,,
2067,RGI60-06.00443,06,2067.0,-0.7625747919082642,-4.891521453857422,,,,,,,,,,,,,,,
2068,RGI60-06.00443,06,2068.0,-0.7507678270339966,-4.821639537811279,,,,,,,,,,,,,,,
2069,RGI60-06.00443,06,2069.0,-0.8435437679290771,-5.42450475692749,,,,,,,,,,,,,,,
2070,RGI60-06.00443,06,2070.0,-0.6811549663543701,-4.521240234375,,,,,,,,,,,,,,,
2071,RGI60-06.00443,06,2071.0,-0.9337695240974426,-6.208178997039795,,,,,,,,,,,,,,,
2072,RGI60-06.00443,06,2072.0,-1.088015079498291,-7.246415138244629,,,,,,,,,,,,,,,
2073,RGI60-06.00443,06,2073.0,-0.519284188747406,-3.568814277648926,,,,,,,,,,,,,,,
2074,RGI60-06.00443,06,2074.0,-0.6629726886749268,-4.561568260192871,,,,,,,,,,,,,,,
2075,RGI60-06.00443,06,2075.0,-0.5577564239501953,-3.841412305831909,,,,,,,,,,,,,,,
2076,RGI60-06.00443,06,2076.0,-0.48534807562828064,-3.458256244659424,,,,,,,,,,,,,,,
2077,RGI60-06.00443,06,2077.0,-0.5852207541465759,-4.174479961395264,,,,,,,,,,,,,,,
2078,RGI60-06.00443,06,2078.0,-0.6444569230079651,-4.6025590896606445,,,,,,,,,,,,,,,
2079,RGI60-06.00443,06,2079.0,-0.6146543025970459,-4.553600788116455,,,,,,,,,,,,,,,
2080,RGI60-06.00443,06,2080.0,-0.48593947291374207,-3.603278160095215,,,,,,,,,,,,,,,
2081,RGI60-06.00443,06,2081.0,-0.614071249961853,-4.729072570800781,,,,,,,,,,,,,,,
2082,RGI60-06.00443,06,2082.0,-0.44737493991851807,-3.448181390762329,,,,,,,,,,,,,,,
2083,RGI60-06.00443,06,2083.0,-0.6375426054000854,-4.92127799987793,,,,,,,,,,,,,,,
2084,RGI60-06.00443,06,2084.0,-0.5681813955307007,-4.561610698699951,,,,,,,,,,,,,,,
2085,RGI60-06.00443,06,2085.0,-0.6948493719100952,-5.587775707244873,,,,,,,,,,,,,,,
2086,RGI60-06.00443,06,2086.0,-0.7049681544303894,-5.9019246101379395,,,,,,,,,,,,,,,
2087,RGI60-06.00443,06,2087.0,-0.6170198917388916,-5.173558712005615,,,,,,,,,,,,,,,
2088,RGI60-06.00443,06,2088.0,-0.7028038501739502,-6.650754928588867,,,,,,,,,,,,,,,
2089,RGI60-06.00443,06,2089.0,-0.38523635268211365,-3.649345636367798,,,,,,,,,,,,,,,
2090,RGI60-06.00443,06,2090.0,-0.5126718878746033,-5.0834736824035645,,,,,,,,,,,,,,,
2091,RGI60-06.00443,06,2091.0,-0.44609567523002625,-4.429296016693115,,,,,,,,,,,,,,,
2092,RGI60-06.00443,06,2092.0,-0.589599609375,-5.865908622741699,,,,,,,,,,,,,,,
2093,RGI60-06.00443,06,2093.0,-0.6262200474739075,-6.528509140014648,,,,,,,,,,,,,,,
2094,RGI60-06.00443,06,2094.0,-0.571507453918457,-5.970654487609863,,,,,,,,,,,,,,,
2095,RGI60-06.00443,06,2095.0,-0.7415812611579895,-7.769519329071045,,,,,,,,,,,,,,,
2096,RGI60-06.00443,06,2096.0,-0.6088095307350159,-6.6744537353515625,,,,,,,,,,,,,,,
2097,RGI60-06.00443,06,2097.0,-0.5579819083213806,-6.130900859832764,,,,,,,,,,,,,,,
2098,RGI60-06.00443,06,2098.0,-0.434869647026062,-4.785876750946045,,,,,,,,,,,,,,,
2099,RGI60-06.00443,06,2099.0,-0.5149378776550293,-5.9168901443481445,,,,,,,,,,,,,,,
2100,RGI60-06.00443,06,2100.0,-0.4295627772808075,-5.15488338470459,,,,,,,,,,,,,,,
2000,RGI60-06.00238,,,,,HOFSJOEKULL N,3089.0,06,,,-1.34,,1410.0,,90600000.0,-0.121404,,,,
2001,RGI60-06.00238,06,2001.0,-0.21593326330184937,-1.518102765083313,HOFSJOEKULL N,3089.0,06,,,-0.58,,1340.0,,90600000.0,-0.052548,,,,-0.16338526330184938
2002,RGI60-06.00238,06,2002.0,-0.08677385747432709,-0.6100956797599792,HOFSJOEKULL N,3089.0,06,,,-1.0,,1340.0,,81500000.0,-0.0815,,,,-0.005273857474327084
2003,RGI60-06.00238,06,2003.0,-0.10040115565061569,-0.7059924006462097,HOFSJOEKULL N,3089.0,06,,,-0.98,,1380.0,,81500000.0,-0.07987,,,,-0.020531155650615696
2004,RGI60-06.00238,06,2004.0,-0.14264409244060516,-1.0032103061676025,HOFSJOEKULL N,3089.0,06,,,-1.36,,1414.0,,81500000.0,-0.11084000000000002,,,,-0.03180409244060514
2005,RGI60-06.00238,06,2005.0,-0.1182311400771141,-0.8316097259521484,HOFSJOEKULL N,3089.0,06,,,-0.43,,1323.0,,81500000.0,-0.035045,,,,-0.08318614007711411
2006,RGI60-06.00238,06,2006.0,-0.07294104248285294,-0.5130974054336548,HOFSJOEKULL N,3089.0,06,,,-0.51,,1325.0,,81500000.0,-0.041565,,,,-0.03137604248285294
2007,RGI60-06.00238,06,2007.0,-0.15333327651023865,-1.0788027048110962,HOFSJOEKULL N,3089.0,06,,,-0.39,,,,81500000.0,-0.031785,,,,-0.12154827651023864
2008,RGI60-06.00238,06,2008.0,-0.025960644707083702,-0.18266049027442932,HOFSJOEKULL N,3089.0,06,,,-0.57,,,,81500000.0,-0.04645499999999999,,,,0.020494355292916287
2009,RGI60-06.00238,06,2009.0,-0.2384398877620697,-1.6780575513839722,HOFSJOEKULL N,3089.0,06,,,-0.35,,1280.0,,81500000.0,-0.028525,,,,-0.2099148877620697
2010,RGI60-06.00238,06,2010.0,-0.006908018607646227,-0.04861830919981003,HOFSJOEKULL N,3089.0,06,,,-2.4,,,,81500000.0,-0.1956,,,,0.18869198139235377
2011,RGI60-06.00238,06,2011.0,-0.3144092261791229,-2.2135074138641357,HOFSJOEKULL N,3089.0,06,2010-10-07,2011-09-28,-0.32,0.6,1305.0,20.0,81600000.0,-0.026112,0.04896,0.0698496,-0.12207359999999999,-0.2882972261791229
2012,RGI60-06.00238,06,2012.0,0.1511794924736023,1.0641226768493652,HOFSJOEKULL N,3089.0,06,2011-09-28,2012-09-18,-0.46,0.6,1305.0,20.0,81600000.0,-0.037536,0.04896,0.058425599999999994,-0.1334976,0.1887154924736023
2013,RGI60-06.00238,06,2013.0,0.047051701694726944,0.3311663866043091,HOFSJOEKULL N,3089.0,06,2012-09-18,2013-10-09,-0.36,0.6,1300.0,20.0,81600000.0,-0.029376,0.04896,0.0665856,-0.1253376,0.07642770169472694
2014,RGI60-06.00238,06,2014.0,0.05285662040114403,0.3720066249370575,HOFSJOEKULL N,3089.0,06,2013-10-09,2014-10-08,-0.95,0.6,1350.0,20.0,81600000.0,-0.07752,0.04896,0.01844159999999999,-0.1734816,0.13037662040114403
2015,RGI60-06.00238,06,2015.0,-0.1568250209093094,-1.1039137840270996,HOFSJOEKULL N,3089.0,06,2014-10-08,2015-10-09,0.43,0.1,1170.0,20.0,74309998.0,0.03195329914,0.007430999800000001,0.046518058748,0.017388539532,-0.1887783200493094
2016,RGI60-06.00238,06,2016.0,-0.007631536107510328,-0.05372723937034607,HOFSJOEKULL N,3089.0,06,2015-10-09,2016-10-18,-1.13,0.1,1330.0,20.0,73700000.0,-0.08328099999999998,0.00737,-0.06883579999999997,-0.09772619999999999,0.07564946389248965
2017,RGI60-06.00238,06,2017.0,-0.21053728461265564,-1.4823366403579712,HOFSJOEKULL N,3089.0,06,2016-10-18,2017-10-04,-0.61,0.1,1300.0,20.0,73700000.0,-0.044957,0.00737,-0.0305118,-0.059402199999999995,-0.16558028461265564
2018,RGI60-06.00238,06,2018.0,-0.1913042962551117,-1.347220778465271,HOFSJOEKULL N,3089.0,06,2017-10-04,2018-10-09,0.24,0.1,1200.0,20.0,73700000.0,0.017688,0.00737,0.0321332,0.003242799999999999,-0.2089922962551117
2019,RGI60-06.00238,06,2019.0,-0.0512942411005497,-0.3612467348575592,HOFSJOEKULL N,3089.0,06,2018-10-09,2019-11-05,-1.32,0.1,1380.0,20.0,73000000.0,-0.09636,0.0073,-0.082052,-0.110668,0.0450657588994503
2020,RGI60-06.00238,06,2020.0,-0.2657657861709595,-1.8722739219665527,HOFSJOEKULL N,3089.0,06,2019-11-05,2020-10-09,-0.39,0.1,1274.0,20.0,72810000.0,-0.0283959,0.007281,-0.014125140000000001,-0.04266666,-0.23736988617095947
2021,RGI60-06.00238,06,2021.0,-0.27263185381889343,-1.9212514162063599,HOFSJOEKULL N,3089.0,06,2020-10-09,2021-10-21,-1.41,0.1,1381.0,20.0,72810000.0,-0.1026621,0.007281,-0.08839134000000001,-0.11693286,-0.16996975381889343
2022,RGI60-06.00238,06,2022.0,-0.3870713412761688,-2.728959798812866,HOFSJOEKULL N,3089.0,06,2021-10-21,2022-10-18,0.28,0.1,1150.0,20.0,72800000.0,0.020384000000000003,0.00728,0.034652800000000004,0.006115200000000003,-0.40745534127616884
2023,RGI60-06.00238,06,2023.0,-0.19965516030788422,-1.4079506397247314,HOFSJOEKULL N,3089.0,06,2022-10-18,2023-10-24,-1.07,0.1,1336.0,20.0,72800000.0,-0.077896,0.00728,-0.06362720000000001,-0.0921648,-0.12175916030788421
2024,RGI60-06.00238,06,2024.0,-0.19588658213615417,-1.3816792964935303,HOFSJOEKULL N,3089.0,06,2023-10-24,2024-11-05,-0.73,,,,72800000.0,-0.053144,,,,-0.14274258213615418
2025,RGI60-06.00238,06,2025.0,-0.12854284048080444,-0.9068110585212708,,,,,,,,,,,,,,,
2026,RGI60-06.00238,06,2026.0,-0.0010380902094766498,-0.007404195610433817,,,,,,,,,,,,,,,
2027,RGI60-06.00238,06,2027.0,-0.1682230532169342,-1.2005072832107544,,,,,,,,,,,,,,,
2028,RGI60-06.00238,06,2028.0,-0.13921524584293365,-0.9936496019363403,,,,,,,,,,,,,,,
2029,RGI60-06.00238,06,2029.0,-0.13639667630195618,-0.9736784100532532,,,,,,,,,,,,,,,
2030,RGI60-06.00238,06,2030.0,-0.21277284622192383,-1.519250750541687,,,,,,,,,,,,,,,
2031,RGI60-06.00238,06,2031.0,-0.35970351099967957,-2.569406509399414,,,,,,,,,,,,,,,
2032,RGI60-06.00238,06,2032.0,-0.3330780565738678,-2.3801209926605225,,,,,,,,,,,,,,,
2033,RGI60-06.00238,06,2033.0,-0.24215394258499146,-1.7308752536773682,,,,,,,,,,,,,,,
2034,RGI60-06.00238,06,2034.0,-0.1419771909713745,-1.0149579048156738,,,,,,,,,,,,,,,
2035,RGI60-06.00238,06,2035.0,-0.14094328880310059,-1.0077368021011353,,,,,,,,,,,,,,,
2036,RGI60-06.00238,06,2036.0,-0.16548626124858856,-1.1834182739257812,,,,,,,,,,,,,,,
2037,RGI60-06.00238,06,2037.0,-0.1503196656703949,-1.0751270055770874,,,,,,,,,,,,,,,
2038,RGI60-06.00238,06,2038.0,-0.24739472568035126,-1.7699517011642456,,,,,,,,,,,,,,,
2039,RGI60-06.00238,06,2039.0,-0.14596597850322723,-1.044439435005188,,,,,,,,,,,,,,,
2040,RGI60-06.00238,06,2040.0,-0.3577468693256378,-2.560866355895996,,,,,,,,,,,,,,,
2041,RGI60-06.00238,06,2041.0,-0.4205964207649231,-3.012221336364746,,,,,,,,,,,,,,,
2042,RGI60-06.00238,06,2042.0,-0.29751667380332947,-2.131420373916626,,,,,,,,,,,,,,,
2043,RGI60-06.00238,06,2043.0,-0.258197158575058,-1.8502639532089233,,,,,,,,,,,,,,,
2044,RGI60-06.00238,06,2044.0,-0.37523922324180603,-2.6901285648345947,,,,,,,,,,,,,,,
2045,RGI60-06.00238,06,2045.0,-0.3017570972442627,-2.1640501022338867,,,,,,,,,,,,,,,
2046,RGI60-06.00238,06,2046.0,-0.43239080905914307,-3.102431058883667,,,,,,,,,,,,,,,
2047,RGI60-06.00238,06,2047.0,-0.3659215569496155,-2.6265499591827393,,,,,,,,,,,,,,,
2048,RGI60-06.00238,06,2048.0,-0.5364640951156616,-3.8530499935150146,,,,,,,,,,,,,,,
2049,RGI60-06.00238,06,2049.0,-0.5199720859527588,-3.736806631088257,,,,,,,,,,,,,,,
2050,RGI60-06.00238,06,2050.0,-0.4600333571434021,-3.3077945709228516,,,,,,,,,,,,,,,
2051,RGI60-06.00238,06,2051.0,-0.558509349822998,-4.018431663513184,,,,,,,,,,,,,,,
2052,RGI60-06.00238,06,2052.0,-0.43268439173698425,-3.1146249771118164,,,,,,,,,,,,,,,
2053,RGI60-06.00238,06,2053.0,-0.5153363347053528,-3.779144287109375,,,,,,,,,,,,,,,
2054,RGI60-06.00238,06,2054.0,-0.5217976570129395,-3.9270105361938477,,,,,,,,,,,,,,,
2055,RGI60-06.00238,06,2055.0,-0.3755642771720886,-2.82767915725708,,,,,,,,,,,,,,,
2056,RGI60-06.00238,06,2056.0,-0.3794618248939514,-2.8582205772399902,,,,,,,,,,,,,,,
2057,RGI60-06.00238,06,2057.0,-0.4818940758705139,-3.7744503021240234,,,,,,,,,,,,,,,
2058,RGI60-06.00238,06,2058.0,-0.23173005878925323,-1.8154832124710083,,,,,,,,,,,,,,,
2059,RGI60-06.00238,06,2059.0,-0.335606187582016,-2.630319595336914,,,,,,,,,,,,,,,
2060,RGI60-06.00238,06,2060.0,-0.3677314221858978,-2.8833398818969727,,,,,,,,,,,,,,,
2061,RGI60-06.00238,06,2061.0,-0.4158684015274048,-3.2623820304870605,,,,,,,,,,,,,,,
2062,RGI60-06.00238,06,2062.0,-0.35622328519821167,-2.7955944538116455,,,,,,,,,,,,,,,
2063,RGI60-06.00238,06,2063.0,-0.351283460855484,-2.7579452991485596,,,,,,,,,,,,,,,
2064,RGI60-06.00238,06,2064.0,-0.58079993724823,-4.563007831573486,,,,,,,,,,,,,,,
2065,RGI60-06.00238,06,2065.0,-0.43370676040649414,-3.538297414779663,,,,,,,,,,,,,,,
2066,RGI60-06.00238,06,2066.0,-0.35168716311454773,-2.8703505992889404,,,,,,,,,,,,,,,
2067,RGI60-06.00238,06,2067.0,-0.31435784697532654,-2.682143211364746,,,,,,,,,,,,,,,
2068,RGI60-06.00238,06,2068.0,-0.36899179220199585,-3.1497879028320312,,,,,,,,,,,,,,,
2069,RGI60-06.00238,06,2069.0,-0.30390772223472595,-2.7268526554107666,,,,,,,,,,,,,,,
2070,RGI60-06.00238,06,2070.0,-0.24959778785705566,-2.2402617931365967,,,,,,,,,,,,,,,
2071,RGI60-06.00238,06,2071.0,-0.40264269709587097,-3.8166964054107666,,,,,,,,,,,,,,,
2072,RGI60-06.00238,06,2072.0,-0.3020716905593872,-3.031803607940674,,,,,,,,,,,,,,,
2073,RGI60-06.00238,06,2073.0,-0.16545690596103668,-1.6610335111618042,,,,,,,,,,,,,,,
2074,RGI60-06.00238,06,2074.0,-0.20703084766864777,-2.0790493488311768,,,,,,,,,,,,,,,
2075,RGI60-06.00238,06,2075.0,-0.1707291454076767,-1.7149379253387451,,,,,,,,,,,,,,,
2076,RGI60-06.00238,06,2076.0,-0.19571252167224884,-1.9664777517318726,,,,,,,,,,,,,,,
2077,RGI60-06.00238,06,2077.0,-0.2354755699634552,-2.5111846923828125,,,,,,,,,,,,,,,
2078,RGI60-06.00238,06,2078.0,-0.2087043672800064,-2.226482391357422,,,,,,,,,,,,,,,
2079,RGI60-06.00238,06,2079.0,-0.23797641694545746,-2.5397708415985107,,,,,,,,,,,,,,,
2080,RGI60-06.00238,06,2080.0,-0.17754541337490082,-1.8953919410705566,,,,,,,,,,,,,,,
2081,RGI60-06.00238,06,2081.0,-0.21545353531837463,-2.3009164333343506,,,,,,,,,,,,,,,
2082,RGI60-06.00238,06,2082.0,-0.17674273252487183,-1.8880666494369507,,,,,,,,,,,,,,,
2083,RGI60-06.00238,06,2083.0,-0.28559908270835876,-3.2467997074127197,,,,,,,,,,,,,,,
2084,RGI60-06.00238,06,2084.0,-0.2015404999256134,-2.292056083679199,,,,,,,,,,,,,,,
2085,RGI60-06.00238,06,2085.0,-0.2546660900115967,-2.897639751434326,,,,,,,,,,,,,,,
2086,RGI60-06.00238,06,2086.0,-0.2559144198894501,-2.9132916927337646,,,,,,,,,,,,,,,
2087,RGI60-06.00238,06,2087.0,-0.24834631383419037,-2.828486204147339,,,,,,,,,,,,,,,
2088,RGI60-06.00238,06,2088.0,-0.36512255668640137,-4.434255599975586,,,,,,,,,,,,,,,
2089,RGI60-06.00238,06,2089.0,-0.16085155308246613,-1.9540777206420898,,,,,,,,,,,,,,,
2090,RGI60-06.00238,06,2090.0,-0.18265250325202942,-2.2197320461273193,,,,,,,,,,,,,,,
2091,RGI60-06.00238,06,2091.0,-0.1517939567565918,-1.972211480140686,,,,,,,,,,,,,,,
2092,RGI60-06.00238,06,2092.0,-0.262144535779953,-3.4081320762634277,,,,,,,,,,,,,,,
2093,RGI60-06.00238,06,2093.0,-0.25049641728401184,-3.2585744857788086,,,,,,,,,,,,,,,
2094,RGI60-06.00238,06,2094.0,-0.23611362278461456,-3.0731661319732666,,,,,,,,,,,,,,,
2095,RGI60-06.00238,06,2095.0,-0.33623480796813965,-4.6537699699401855,,,,,,,,,,,,,,,
2096,RGI60-06.00238,06,2096.0,-0.23563651740550995,-3.2633254528045654,,,,,,,,,,,,,,,
2097,RGI60-06.00238,06,2097.0,-0.23031866550445557,-3.1915576457977295,,,,,,,,,,,,,,,
2098,RGI60-06.00238,06,2098.0,-0.14953453838825226,-2.0728671550750732,,,,,,,,,,,,,,,
2099,RGI60-06.00238,06,2099.0,-0.2243412584066391,-3.2935051918029785,,,,,,,,,,,,,,,
2100,RGI60-06.00238,06,2100.0,-0.16829514503479004,-2.471796751022339,,,,,,,,,,,,,,,
2000,RGI60-07.00504,,,,,AUSTRE BROEGGERBREEN,292.0,07,1999-07-02,2000-09-07,-0.022,,319.0,,6120000.0,-0.00013464,,,,
2001,RGI60-07.00504,07,2001.0,0.000548798474483192,0.06094909831881523,AUSTRE BROEGGERBREEN,292.0,07,2000-09-07,2001-09-04,-0.476,,442.0,,6120000.0,-0.00291312,,,,0.003461918474483192
2002,RGI60-07.00504,07,2002.0,-0.006737625226378441,-0.7486774921417236,AUSTRE BROEGGERBREEN,292.0,07,2001-09-04,2002-09-07,-0.565,,460.0,,6120000.0,-0.0034577999999999996,,,,-0.0032798252263784413
2003,RGI60-07.00504,07,2003.0,-0.005598150659352541,-0.6223694086074829,AUSTRE BROEGGERBREEN,292.0,07,2002-09-07,2003-09-07,-0.899,,531.0,,6120000.0,-0.00550188,,,,-9.627065935254118e-05
2004,RGI60-07.00504,07,2004.0,-0.009920446202158928,-1.1038764715194702,AUSTRE BROEGGERBREEN,292.0,07,2003-09-07,2004-09-11,-1.142,,695.0,,6120000.0,-0.006989039999999999,,,,-0.0029314062021589286
2005,RGI60-07.00504,07,2005.0,-0.006937575526535511,-0.7724320888519287,AUSTRE BROEGGERBREEN,292.0,07,2004-09-11,2005-09-20,-0.981,,552.0,,6120000.0,-0.00600372,,,,-0.0009338555265355113
2006,RGI60-07.00504,07,2006.0,-0.009612689726054668,-1.0795228481292725,AUSTRE BROEGGERBREEN,292.0,07,2005-09-20,2006-09-22,-0.725,,458.0,,6120000.0,-0.004437,,,,-0.0051756897260546685
2007,RGI60-07.00504,07,2007.0,-0.004633984994143248,-0.5206148028373718,AUSTRE BROEGGERBREEN,292.0,07,2006-09-22,2007-09-19,-0.457,,427.0,,6120000.0,-0.00279684,,,,-0.0018371449941432475
2008,RGI60-07.00504,07,2008.0,-0.008089764043688774,-0.9095190167427063,AUSTRE BROEGGERBREEN,292.0,07,2007-09-19,2008-09-16,-0.127,,341.0,,6120000.0,-0.00077724,,,,-0.007312524043688774
2009,RGI60-07.00504,07,2009.0,-0.004841144196689129,-0.5445097088813782,AUSTRE BROEGGERBREEN,292.0,07,2008-09-16,2009-09-14,-0.25,,389.0,,6120000.0,-0.00153,,,,-0.0033111441966891288
2010,RGI60-07.00504,07,2010.0,-0.003900964977219701,-0.43891456723213196,AUSTRE BROEGGERBREEN,292.0,07,,,-0.44,,403.0,,6120000.0,-0.0026928,,,,-0.0012081649772197008
2011,RGI60-07.00504,07,2011.0,-0.005718278232961893,-0.6437219977378845,AUSTRE BROEGGERBREEN,292.0,07,,,-1.004,,525.0,,6120000.0,-0.00614448,,,,0.0004262017670381068
2012,RGI60-07.00504,07,2012.0,-0.004947181791067123,-0.5571600198745728,AUSTRE BROEGGERBREEN,292.0,07,,,-0.175,,363.0,,6120000.0,-0.001071,,,,-0.0038761817910671235
2013,RGI60-07.00504,07,2013.0,0.0031161713413894176,0.3481171429157257,AUSTRE BROEGGERBREEN,292.0,07,,,-1.05,,579.0,,6120000.0,-0.006426,,,,0.009542171341389419
2014,RGI60-07.00504,07,2014.0,-0.018126143142580986,-2.044179677963257,AUSTRE BROEGGERBREEN,292.0,07,,,0.01,,310.0,,6120000.0,6.12e-05,,,,-0.018187343142580987
2015,RGI60-07.00504,07,2015.0,0.0006912737153470516,0.07795104384422302,AUSTRE BROEGGERBREEN,292.0,07,,,-0.61,,433.0,,6120000.0,-0.0037332,,,,0.0044244737153470515
2016,RGI60-07.00504,07,2016.0,0.0002080768026644364,0.02346714772284031,AUSTRE BROEGGERBREEN,292.0,07,,,-1.45,,571.0,,6120000.0,-0.008874,,,,0.009082076802664436
2017,RGI60-07.00504,07,2017.0,-0.005330895073711872,-0.6014288663864136,AUSTRE BROEGGERBREEN,292.0,07,,,-0.79,,505.0,,6120000.0,-0.0048348,,,,-0.0004960950737118719
2018,RGI60-07.00504,07,2018.0,-0.008729723282158375,-0.985691487789154,AUSTRE BROEGGERBREEN,292.0,07,,,-0.88,,525.0,,6120000.0,-0.0053856,,,,-0.003344123282158375
2019,RGI60-07.00504,07,2019.0,0.004788781050592661,0.5404741168022156,AUSTRE BROEGGERBREEN,292.0,07,,,-0.71,,459.0,,6120000.0,-0.0043452,,,,0.009133981050592661
2020,RGI60-07.00504,07,2020.0,-0.015364522114396095,-1.7366703748703003,AUSTRE BROEGGERBREEN,292.0,07,,,-1.744,,788.0,,6120000.0,-0.01067328,,,,-0.004691242114396095
2021,RGI60-07.00504,07,2021.0,-0.007311589550226927,-0.8270056843757629,AUSTRE BROEGGERBREEN,292.0,07,,,-0.78,,511.0,,6120000.0,-0.0047736,,,,-0.0025379895502269266
2022,RGI60-07.00504,07,2022.0,-0.012928810901939869,-1.4641839265823364,AUSTRE BROEGGERBREEN,292.0,07,,,-1.516,,618.0,,6120000.0,-0.00927792,,,,-0.0036508909019398687
2023,RGI60-07.00504,07,2023.0,-0.010691936127841473,-1.2120989561080933,AUSTRE BROEGGERBREEN,292.0,07,,,-0.948,,516.0,,6120000.0,-0.00580176,,,,-0.004890176127841472
2024,RGI60-07.00504,07,2024.0,-0.008063221350312233,-0.9148175716400146,AUSTRE BROEGGERBREEN,292.0,07,,,-2.048,,773.0,,6120000.0,-0.01253376,,,,0.004470538649687767
2025,RGI60-07.00504,07,2025.0,-0.012971671298146248,-1.4735572338104248,,,,,,,,,,,,,,,
2026,RGI60-07.00504,07,2026.0,-0.011273044161498547,-1.282005786895752,,,,,,,,,,,,,,,
2027,RGI60-07.00504,07,2027.0,-0.015239086002111435,-1.735590934753418,,,,,,,,,,,,,,,
2028,RGI60-07.00504,07,2028.0,-0.017949458211660385,-2.047938346862793,,,,,,,,,,,,,,,
2029,RGI60-07.00504,07,2029.0,-0.009109962731599808,-1.0403467416763306,,,,,,,,,,,,,,,
2030,RGI60-07.00504,07,2030.0,-0.019847512245178223,-2.27107310295105,,,,,,,,,,,,,,,
2031,RGI60-07.00504,07,2031.0,-0.018332909792661667,-2.1016042232513428,,,,,,,,,,,,,,,
2032,RGI60-07.00504,07,2032.0,-0.010051976889371872,-1.1534559726715088,,,,,,,,,,,,,,,
2033,RGI60-07.00504,07,2033.0,-0.015416163951158524,-1.7717740535736084,,,,,,,,,,,,,,,
2034,RGI60-07.00504,07,2034.0,-0.00955111812800169,-1.0987982749938965,,,,,,,,,,,,,,,
2035,RGI60-07.00504,07,2035.0,-0.01249551959335804,-1.4393863677978516,,,,,,,,,,,,,,,
2036,RGI60-07.00504,07,2036.0,-0.022090187296271324,-2.5503649711608887,,,,,,,,,,,,,,,
2037,RGI60-07.00504,07,2037.0,-0.023968186229467392,-2.774080753326416,,,,,,,,,,,,,,,
2038,RGI60-07.00504,07,2038.0,-0.01984836347401142,-2.3020248413085938,,,,,,,,,,,,,,,
2039,RGI60-07.00504,07,2039.0,-0.02612415701150894,-3.0548603534698486,,,,,,,,,,,,,,,
2040,RGI60-07.00504,07,2040.0,-0.027294958010315895,-3.2006943225860596,,,,,,,,,,,,,,,
2041,RGI60-07.00504,07,2041.0,-0.023051206022500992,-2.7094595432281494,,,,,,,,,,,,,,,
2042,RGI60-07.00504,07,2042.0,-0.024705007672309875,-2.911318778991699,,,,,,,,,,,,,,,
2043,RGI60-07.00504,07,2043.0,-0.028365882113575935,-3.352691411972046,,,,,,,,,,,,,,,
2044,RGI60-07.00504,07,2044.0,-0.020980169996619225,-2.485189914703369,,,,,,,,,,,,,,,
2045,RGI60-07.00504,07,2045.0,-0.021557575091719627,-2.559390068054199,,,,,,,,,,,,,,,
2046,RGI60-07.00504,07,2046.0,-0.029087956994771957,-3.493072509765625,,,,,,,,,,,,,,,
2047,RGI60-07.00504,07,2047.0,-0.02148851752281189,-2.5863540172576904,,,,,,,,,,,,,,,
2048,RGI60-07.00504,07,2048.0,-0.028706684708595276,-3.6627280712127686,,,,,,,,,,,,,,,
2049,RGI60-07.00504,07,2049.0,-0.027509883046150208,-3.8783342838287354,,,,,,,,,,,,,,,
2050,RGI60-07.00504,07,2050.0,-0.0284073818475008,-4.483561038970947,,,,,,,,,,,,,,,
2051,RGI60-07.00504,07,2051.0,-0.01612064428627491,-2.7306697368621826,,,,,,,,,,,,,,,
2052,RGI60-07.00504,07,2052.0,-0.012264300137758255,-2.217505693435669,,,,,,,,,,,,,,,
2053,RGI60-07.00504,07,2053.0,-0.014438637532293797,-2.947632074356079,,,,,,,,,,,,,,,
2054,RGI60-07.00504,07,2054.0,-0.013736231252551079,-3.2094645500183105,,,,,,,,,,,,,,,
2055,RGI60-07.00504,07,2055.0,-0.010289005003869534,-2.410449504852295,,,,,,,,,,,,,,,
2056,RGI60-07.00504,07,2056.0,-0.009817641228437424,-2.8320841789245605,,,,,,,,,,,,,,,
2057,RGI60-07.00504,07,2057.0,-0.007957356981933117,-2.840421438217163,,,,,,,,,,,,,,,
2058,RGI60-07.00504,07,2058.0,-0.008239763788878918,-3.9643616676330566,,,,,,,,,,,,,,,
2059,RGI60-07.00504,07,2059.0,-0.0071236323565244675,-3.6714446544647217,,,,,,,,,,,,,,,
2060,RGI60-07.00504,07,2060.0,-0.004707043524831533,-2.281554937362671,,,,,,,,,,,,,,,
2061,RGI60-07.00504,07,2061.0,-0.0064165787771344185,-3.331634759902954,,,,,,,,,,,,,,,
2062,RGI60-07.00504,07,2062.0,-0.007069765590131283,-4.148354530334473,,,,,,,,,,,,,,,
2063,RGI60-07.00504,07,2063.0,-0.007146967109292746,-7.0522050857543945,,,,,,,,,,,,,,,
2064,RGI60-07.00504,07,2064.0,-0.004230010323226452,-5.8206610679626465,,,,,,,,,,,,,,,
2065,RGI60-07.00504,07,2065.0,-0.0034126625396311283,-5.747427463531494,,,,,,,,,,,,,,,
2066,RGI60-07.00504,07,2066.0,-0.0025991122238337994,-8.274418830871582,,,,,,,,,,,,,,,
2067,RGI60-07.00504,07,2067.0,-0.00034460413735359907,-8.931671142578125,,,,,,,,,,,,,,,
2068,RGI60-07.00504,07,2068.0,-1.2431168215698563e-05,-0.32312434911727905,,,,,,,,,,,,,,,
2069,RGI60-07.00504,07,2069.0,-2.526038406358566e-05,-0.6607426404953003,,,,,,,,,,,,,,,
2070,RGI60-07.00504,07,2070.0,-7.980767804838251e-06,-0.20913153886795044,,,,,,,,,,,,,,,
2071,RGI60-07.00504,07,2071.0,-2.8933056455571204e-05,-0.7637874484062195,,,,,,,,,,,,,,,
2072,RGI60-07.00504,07,2072.0,-9.554752068652306e-06,-0.25280624628067017,,,,,,,,,,,,,,,
2073,RGI60-07.00504,07,2073.0,-6.689177826046944e-05,-1.8023632764816284,,,,,,,,,,,,,,,
2074,RGI60-07.00504,07,2074.0,1.5300704035325907e-05,0.12664788961410522,,,,,,,,,,,,,,,
2075,RGI60-07.00504,07,2075.0,-2.6507583243073896e-05,-0.7158613204956055,,,,,,,,,,,,,,,
2076,RGI60-07.00504,07,2076.0,-3.224318425054662e-05,-0.8784388303756714,,,,,,,,,,,,,,,
2077,RGI60-07.00504,07,2077.0,-3.111292971880175e-05,-3.287949323654175,,,,,,,,,,,,,,,
2078,RGI60-07.00504,07,2078.0,-3.845807896141196e-06,-0.40985310077667236,,,,,,,,,,,,,,,
2079,RGI60-07.00504,07,2079.0,-5.12633596372325e-06,-0.5526116490364075,,,,,,,,,,,,,,,
2080,RGI60-07.00504,07,2080.0,-8.094240229183924e-07,-0.08741465955972672,,,,,,,,,,,,,,,
2081,RGI60-07.00504,07,2081.0,-8.840008376864716e-06,-0.974416971206665,,,,,,,,,,,,,,,
2082,RGI60-07.00504,07,2082.0,1.0655199957909645e-06,0.1171552985906601,,,,,,,,,,,,,,,
2083,RGI60-07.00504,07,2083.0,4.1043199416890275e-07,0.04508459195494652,,,,,,,,,,,,,,,
2084,RGI60-07.00504,07,2084.0,-4.214703949401155e-06,-0.4676140248775482,,,,,,,,,,,,,,,
2085,RGI60-07.00504,07,2085.0,-9.627631698094774e-06,-1.0936615467071533,,,,,,,,,,,,,,,
2086,RGI60-07.00504,07,2086.0,-2.0062720068381168e-05,-2.4032042026519775,,,,,,,,,,,,,,,
2087,RGI60-07.00504,07,2087.0,-1.2033783605147619e-05,-1.4924259185791016,,,,,,,,,,,,,,,
2088,RGI60-07.00504,07,2088.0,-6.225624019862153e-06,-0.7868872284889221,,,,,,,,,,,,,,,
2089,RGI60-07.00504,07,2089.0,-5.6007238526945e-06,-0.7205464839935303,,,,,,,,,,,,,,,
2090,RGI60-07.00504,07,2090.0,-5.718723969039274e-06,-0.7496514916419983,,,,,,,,,,,,,,,
2091,RGI60-07.00504,07,2091.0,-9.634592061047442e-06,-1.30569326877594,,,,,,,,,,,,,,,
2092,RGI60-07.00504,07,2092.0,-5.484890152729349e-06,-0.7583182454109192,,,,,,,,,,,,,,,
2093,RGI60-07.00504,07,2093.0,-1.631007035030052e-05,-2.4054577350616455,,,,,,,,,,,,,,,
2094,RGI60-07.00504,07,2094.0,-8.44745500216959e-06,,,,,,,,,,,,,,,,
2095,RGI60-07.00504,07,2095.0,0.0,0.0,,,,,,,,,,,,,,,
2096,RGI60-07.00504,07,2096.0,0.0,0.0,,,,,,,,,,,,,,,
2097,RGI60-07.00504,07,2097.0,0.0,0.0,,,,,,,,,,,,,,,
2098,RGI60-07.00504,07,2098.0,0.0,0.0,,,,,,,,,,,,,,,
2099,RGI60-07.00504,07,2099.0,0.0,0.0,,,,,,,,,,,,,,,
2100,RGI60-07.00504,07,2100.0,0.0,0.0,,,,,,,,,,,,,,,
