rgi_id,region,hydro_year,calendar_year,dmdt,dhdt
RGI60-06.00234,06,2001,2001,-0.44421035051345825,-1.8653336763381958
RGI60-06.00234,06,2002,2002,-0.22801075875759125,-0.9576136469841003
RGI60-06.00234,06,2003,2003,-0.23077060282230377,-0.9693546891212463
RGI60-06.00234,06,2004,2004,-0.3172697424888611,-1.3330352306365967
RGI60-06.00234,06,2005,2005,-0.2661621570587158,-1.1185389757156372
RGI60-06.00234,06,2006,2006,-0.16589730978012085,-0.6972520351409912
RGI60-06.00234,06,2007,2007,-0.3084658980369568,-1.296772837638855
RGI60-06.00234,06,2008,2008,-0.13256517052650452,-0.5573517680168152
RGI60-06.00234,06,2009,2009,-0.4476538598537445,-1.8827316761016846
RGI60-06.00234,06,2010,2010,-0.06327946484088898,-0.2661570608615875
RGI60-06.00234,06,2011,2011,-0.600615918636322,-2.527296781539917
RGI60-06.00234,06,2012,2012,0.19352518022060394,0.8142141103744507
RGI60-06.00234,06,2013,2013,0.03932579606771469,0.1654394567012787
RGI60-06.00234,06,2014,2014,0.03188929334282875,0.1341712921857834
RGI60-06.00234,06,2015,2015,-0.3087133467197418,-1.2991223335266113
RGI60-06.00234,06,2016,2016,-0.06164368614554405,-0.25942161679267883
RGI60-06.00234,06,2017,2017,-0.44208383560180664,-1.8610892295837402
RGI60-06.00234,06,2018,2018,-0.4071914255619049,-1.7147095203399658
RGI60-06.00234,06,2019,2019,-0.16814126074314117,-0.7081711292266846
RGI60-06.00234,06,2020,2020,-0.5421850681304932,-2.284497022628784
RGI60-06.00234,06,2021,2021,-0.5926929116249084,-2.4984850883483887
RGI60-06.00234,06,2022,2022,-0.5844762921333313,-2.4649899005889893
RGI60-06.00234,06,2023,2023,-0.43406012654304504,-1.831285834312439
RGI60-06.00234,06,2024,2024,-0.408659428358078,-1.7247116565704346
RGI60-06.00234,06,2025,2025,-0.3649170398712158,-1.5405733585357666
RGI60-06.00234,06,2026,2026,-0.18362243473529816,-0.7753137946128845
RGI60-06.00234,06,2027,2027,-0.41692641377449036,-1.7610348463058472
RGI60-06.00234,06,2028,2028,-0.3470744490623474,-1.466417670249939
RGI60-06.00234,06,2029,2029,-0.3002282679080963,-1.2688201665878296
RGI60-06.00234,06,2030,2030,-0.5657528638839722,-2.39208984375
RGI60-06.00234,06,2031,2031,-0.5800260901451111,-2.4535646438598633
RGI60-06.00234,06,2032,2032,-0.5268465280532837,-2.2295892238616943
RGI60-06.00234,06,2033,2033,-0.38456735014915466,-1.6280174255371094
RGI60-06.00234,06,2034,2034,-0.20207317173480988,-0.8555880188941956
RGI60-06.00234,06,2035,2035,-0.2941591143608093,-1.245840072631836
RGI60-06.00234,06,2036,2036,-0.4134073853492737,-1.7515004873275757
RGI60-06.00234,06,2037,2037,-0.37934961915016174,-1.6077502965927124
RGI60-06.00234,06,2038,2038,-0.47862881422042847,-2.029340982437134
RGI60-06.00234,06,2039,2039,-0.25201475620269775,-1.0687780380249023
RGI60-06.00234,06,2040,2040,-0.8249902129173279,-3.505048990249634
RGI60-06.00234,06,2041,2041,-0.6954323649406433,-2.956256151199341
RGI60-06.00234,06,2042,2042,-0.4413204789161682,-1.8767591714859009
RGI60-06.00234,06,2043,2043,-0.6786887049674988,-2.887770652770996
RGI60-06.00234,06,2044,2044,-0.6209121942520142,-2.64326548576355
RGI60-06.00234,06,2045,2045,-0.5511986613273621,-2.3475518226623535
RGI60-06.00234,06,2046,2046,-0.7183794379234314,-3.0614049434661865
RGI60-06.00234,06,2047,2047,-0.7003061771392822,-2.986072063446045
RGI60-06.00234,06,2048,2048,-0.9113761186599731,-3.88897705078125
RGI60-06.00234,06,2049,2049,-0.913162887096405,-3.899451494216919
RGI60-06.00234,06,2050,2050,-0.9074544310569763,-3.8779313564300537
RGI60-06.00234,06,2051,2051,-0.9347929358482361,-3.9977638721466064
RGI60-06.00234,06,2052,2052,-0.8533772826194763,-3.6521012783050537
RGI60-06.00234,06,2053,2053,-0.7543749213218689,-3.299067735671997
RGI60-06.00234,06,2054,2054,-0.914588987827301,-4.002621173858643
RGI60-06.00234,06,2055,2055,-0.6472650170326233,-2.886307954788208
RGI60-06.00234,06,2056,2056,-0.633845329284668,-2.9673290252685547
RGI60-06.00234,06,2057,2057,-0.6431545615196228,-3.1075897216796875
RGI60-06.00234,06,2058,2058,-0.4918534457683563,-2.4337778091430664
RGI60-06.00234,06,2059,2059,-0.5094422698020935,-2.5220937728881836
RGI60-06.00234,06,2060,2060,-0.591797411441803,-2.974033832550049
RGI60-06.00234,06,2061,2061,-0.5787866711616516,-2.9102916717529297
RGI60-06.00234,06,2062,2062,-0.5229898691177368,-2.7198173999786377
RGI60-06.00234,06,2063,2063,-0.38103365898132324,-1.9877901077270508
RGI60-06.00234,06,2064,2064,-0.8052434325218201,-4.204158782958984
RGI60-06.00234,06,2065,2065,-0.5957798957824707,-3.1123905181884766
RGI60-06.00234,06,2066,2066,-0.5236588716506958,-2.737107515335083
RGI60-06.00234,06,2067,2067,-0.4152948260307312,-2.248603343963623
RGI60-06.00234,06,2068,2068,-0.4794173240661621,-2.618072986602783
RGI60-06.00234,06,2069,2069,-0.48573604226112366,-2.6539149284362793
RGI60-06.00234,06,2070,2070,-0.4083847105503082,-2.2402327060699463
RGI60-06.00234,06,2071,2071,-0.6133162975311279,-3.511896848678589
RGI60-06.00234,06,2072,2072,-0.5071920156478882,-2.9436519145965576
RGI60-06.00234,06,2073,2073,-0.2481958419084549,-1.4407371282577515
RGI60-06.00234,06,2074,2074,-0.3689288794994354,-2.1421589851379395
RGI60-06.00234,06,2075,2075,-0.2708241045475006,-1.6391310691833496
RGI60-06.00234,06,2076,2076,-0.2818593382835388,-1.7063047885894775
RGI60-06.00234,06,2077,2077,-0.303478866815567,-1.8376600742340088
RGI60-06.00234,06,2078,2078,-0.33486902713775635,-2.028290033340454
RGI60-06.00234,06,2079,2079,-0.32313546538352966,-2.047227621078491
RGI60-06.00234,06,2080,2080,-0.26540297269821167,-1.6818801164627075
RGI60-06.00234,06,2081,2081,-0.290208101272583,-1.839519739151001
RGI60-06.00234,06,2082,2082,-0.20770403742790222,-1.3167777061462402
RGI60-06.00234,06,2083,2083,-0.3886295258998871,-2.5864439010620117
RGI60-06.00234,06,2084,2084,-0.25631392002105713,-1.7062609195709229
RGI60-06.00234,06,2085,2085,-0.3863457441329956,-2.5728542804718018
RGI60-06.00234,06,2086,2086,-0.40429943799972534,-2.693537950515747
RGI60-06.00234,06,2087,2087,-0.31350743770599365,-2.194753646850586
RGI60-06.00234,06,2088,2088,-0.5010347962379456,-3.5095913410186768
RGI60-06.00234,06,2089,2089,-0.1991686224937439,-1.3953837156295776
RGI60-06.00234,06,2090,2090,-0.3076920509338379,-2.1563732624053955
RGI60-06.00234,06,2091,2091,-0.24287956953048706,-1.7025864124298096
RGI60-06.00234,06,2092,2092,-0.4255289137363434,-2.98443341255188
RGI60-06.00234,06,2093,2093,-0.3783891499042511,-2.78228497505188
RGI60-06.00234,06,2094,2094,-0.3475148677825928,-2.5563058853149414
RGI60-06.00234,06,2095,2095,-0.520081102848053,-4.006059646606445
RGI60-06.00234,06,2096,2096,-0.3313877582550049,-2.667189359664917
RGI60-06.00234,06,2097,2097,-0.30995067954063416,-2.6314117908477783
RGI60-06.00234,06,2098,2098,-0.18620821833610535,-1.5812815427780151
RGI60-06.00234,06,2099,2099,-0.2546970248222351,-2.163679361343384
RGI60-06.00234,06,2100,2100,-0.21083612740039825,-1.7916165590286255
RGI60-06.00236,06,2001,2001,-0.08465258777141571,-1.3776271343231201
RGI60-06.00236,06,2002,2002,-0.02203163132071495,-0.3585943877696991
RGI60-06.00236,06,2003,2003,-0.03883611038327217,-0.6322733163833618
RGI60-06.00236,06,2004,2004,-0.07182326167821884,-1.1699436902999878
RGI60-06.00236,06,2005,2005,-0.05102475732564926,-0.8314722180366516
RGI60-06.00236,06,2006,2006,-0.03391304612159729,-0.5527445673942566
RGI60-06.00236,06,2007,2007,-0.05370806157588959,-0.8757342100143433
RGI60-06.00236,06,2008,2008,-0.005656018853187561,-0.09224060922861099
RGI60-06.00236,06,2009,2009,-0.08762739598751068,-1.4297707080841064
RGI60-06.00236,06,2010,2010,-0.01791282370686531,-0.29230228066444397
RGI60-06.00236,06,2011,2011,-0.13469064235687256,-2.200144052505493
RGI60-06.00236,06,2012,2012,0.040987785905599594,0.6693354845046997
RGI60-06.00236,06,2013,2013,0.0029737616423517466,0.04856512323021889
RGI60-06.00236,06,2014,2014,0.009229565970599651,0.15069738030433655
RGI60-06.00236,06,2015,2015,-0.07893680036067963,-1.2896928787231445
RGI60-06.00236,06,2016,2016,0.01869191601872444,0.3053484559059143
RGI60-06.00236,06,2017,2017,-0.08758650720119476,-1.4317489862442017
RGI60-06.00236,06,2018,2018,-0.06886313110589981,-1.1262524127960205
RGI60-06.00236,06,2019,2019,-0.008687452413141727,-0.1421026587486267
RGI60-06.00236,06,2020,2020,-0.10121799260377884,-1.6568491458892822
RGI60-06.00236,06,2021,2021,-0.11607945710420609,-1.9017606973648071
RGI60-06.00236,06,2022,2022,-0.16540132462978363,-2.7132110595703125
RGI60-06.00236,06,2023,2023,-0.09181016683578491,-1.5071160793304443
RGI60-06.00236,06,2024,2024,-0.09480594843626022,-1.5574530363082886
RGI60-06.00236,06,2025,2025,-0.05773564428091049,-0.948910117149353
RGI60-06.00236,06,2026,2026,-0.0057105449959635735,-0.09387245774269104
RGI60-06.00236,06,2027,2027,-0.07558974623680115,-1.2431724071502686
RGI60-06.00236,06,2028,2028,-0.07291797548532486,-1.1999467611312866
RGI60-06.00236,06,2029,2029,-0.06957197189331055,-1.1455119848251343
RGI60-06.00236,06,2030,2030,-0.10194360464811325,-1.689056396484375
RGI60-06.00236,06,2031,2031,-0.1585467904806137,-2.6300370693206787
RGI60-06.00236,06,2032,2032,-0.15053775906562805,-2.500023365020752
RGI60-06.00236,06,2033,2033,-0.11387850344181061,-1.8928654193878174
RGI60-06.00236,06,2034,2034,-0.06380061060190201,-1.0610215663909912
RGI60-06.00236,06,2035,2035,-0.06512390822172165,-1.0835587978363037
RGI60-06.00236,06,2036,2036,-0.07038356363773346,-1.171717643737793
RGI60-06.00236,06,2037,2037,-0.07384281605482101,-1.2300361394882202
RGI60-06.00236,06,2038,2038,-0.11550379544496536,-1.9257289171218872
RGI60-06.00236,06,2039,2039,-0.07416682690382004,-1.2372608184814453
RGI60-06.00236,06,2040,2040,-0.16737684607505798,-2.7957863807678223
RGI60-06.00236,06,2041,2041,-0.18548575043678284,-3.1026723384857178
RGI60-06.00236,06,2042,2042,-0.14311489462852478,-2.3966195583343506
RGI60-06.00236,06,2043,2043,-0.12757080793380737,-2.1384456157684326
RGI60-06.00236,06,2044,2044,-0.1732027381658554,-2.9072952270507812
RGI60-06.00236,06,2045,2045,-0.1422770768404007,-2.4105496406555176
RGI60-06.00236,06,2046,2046,-0.2015918791294098,-3.420811891555786
RGI60-06.00236,06,2047,2047,-0.15983130037784576,-2.754319190979004
RGI60-06.00236,06,2048,2048,-0.23324209451675415,-4.026641845703125
RGI60-06.00236,06,2049,2049,-0.21520449221134186,-3.8777222633361816
RGI60-06.00236,06,2050,2050,-0.1845598667860031,-3.3887057304382324
RGI60-06.00236,06,2051,2051,-0.20954428613185883,-3.8538479804992676
RGI60-06.00236,06,2052,2052,-0.16086885333061218,-3.022951364517212
RGI60-06.00236,06,2053,2053,-0.18577097356319427,-3.4961655139923096
RGI60-06.00236,06,2054,2054,-0.19630706310272217,-3.7854819297790527
RGI60-06.00236,06,2055,2055,-0.1415032297372818,-2.7319517135620117
RGI60-06.00236,06,2056,2056,-0.12548518180847168,-2.593641757965088
RGI60-06.00236,06,2057,2057,-0.1440056562423706,-3.098748207092285
RGI60-06.00236,06,2058,2058,-0.05739223584532738,-1.2832099199295044
RGI60-06.00236,06,2059,2059,-0.08465731143951416,-1.8943285942077637
RGI60-06.00236,06,2060,2060,-0.09206182509660721,-2.1253254413604736
RGI60-06.00236,06,2061,2061,-0.103218674659729,-2.385312080383301
RGI60-06.00236,06,2062,2062,-0.0738973468542099,-1.7089042663574219
RGI60-06.00236,06,2063,2063,-0.08132702857255936,-1.8821978569030762
RGI60-06.00236,06,2064,2064,-0.14085416495800018,-3.264399528503418
RGI60-06.00236,06,2065,2065,-0.10070785880088806,-2.4159042835235596
RGI60-06.00236,06,2066,2066,-0.07849692553281784,-1.884531855583191
RGI60-06.00236,06,2067,2067,-0.06427036970853806,-1.5439493656158447
RGI60-06.00236,06,2068,2068,-0.09478288143873215,-2.2791364192962646
RGI60-06.00236,06,2069,2069,-0.056168023496866226,-1.3512643575668335
RGI60-06.00236,06,2070,2070,-0.061138272285461426,-1.471675992012024
RGI60-06.00236,06,2071,2071,-0.12783505022525787,-3.0812323093414307
RGI60-06.00236,06,2072,2072,-0.06387295573949814,-1.5971758365631104
RGI60-06.00236,06,2073,2073,-0.03955962508916855,-0.9895741939544678
RGI60-06.00236,06,2074,2074,-0.05180227756500244,-1.2964915037155151
RGI60-06.00236,06,2075,2075,-0.044243089854717255,-1.1077848672866821
RGI60-06.00236,06,2076,2076,-0.04990435391664505,-1.2501877546310425
RGI60-06.00236,06,2077,2077,-0.07098754495382309,-1.7797150611877441
RGI60-06.00236,06,2078,2078,-0.06414873152971268,-1.6093310117721558
RGI60-06.00236,06,2079,2079,-0.06474694609642029,-1.6871862411499023
RGI60-06.00236,06,2080,2080,-0.05897243693470955,-1.5377171039581299
RGI60-06.00236,06,2081,2081,-0.059464745223522186,-1.5515708923339844
RGI60-06.00236,06,2082,2082,-0.05193964019417763,-1.3559976816177368
RGI60-06.00236,06,2083,2083,-0.09211058914661407,-2.407287120819092
RGI60-06.00236,06,2084,2084,-0.06753196567296982,-1.7662899494171143
RGI60-06.00236,06,2085,2085,-0.07705670595169067,-2.0957796573638916
RGI60-06.00236,06,2086,2086,-0.08244271576404572,-2.2445383071899414
RGI60-06.00236,06,2087,2087,-0.07161931693553925,-1.951554536819458
RGI60-06.00236,06,2088,2088,-0.14667585492134094,-4.0043158531188965
RGI60-06.00236,06,2089,2089,-0.04564608633518219,-1.2967113256454468
RGI60-06.00236,06,2090,2090,-0.05096393823623657,-1.4486801624298096
RGI60-06.00236,06,2091,2091,-0.051295287907123566,-1.4590411186218262
RGI60-06.00236,06,2092,2092,-0.1024799570441246,-2.9189934730529785
RGI60-06.00236,06,2093,2093,-0.08522039651870728,-2.4300270080566406
RGI60-06.00236,06,2094,2094,-0.07923774421215057,-2.350776195526123
RGI60-06.00236,06,2095,2095,-0.1291494369506836,-3.838726282119751
RGI60-06.00236,06,2096,2096,-0.07869353145360947,-2.341521978378296
RGI60-06.00236,06,2097,2097,-0.08639060705900192,-2.6743323802948
RGI60-06.00236,06,2098,2098,-0.047401927411556244,-1.4683878421783447
RGI60-06.00236,06,2099,2099,-0.0780780166387558,-2.421468496322632
RGI60-06.00236,06,2100,2100,-0.05728239566087723,-1.7780165672302246
RGI60-06.00238,06,2001,2001,-0.21593326330184937,-1.518102765083313
RGI60-06.00238,06,2002,2002,-0.08677385747432709,-0.6100956797599792
RGI60-06.00238,06,2003,2003,-0.10040115565061569,-0.7059924006462097
RGI60-06.00238,06,2004,2004,-0.14264409244060516,-1.0032103061676025
RGI60-06.00238,06,2005,2005,-0.1182311400771141,-0.8316097259521484
RGI60-06.00238,06,2006,2006,-0.07294104248285294,-0.5130974054336548
RGI60-06.00238,06,2007,2007,-0.15333327651023865,-1.0788027048110962
RGI60-06.00238,06,2008,2008,-0.025960644707083702,-0.18266049027442932
RGI60-06.00238,06,2009,2009,-0.2384398877620697,-1.6780575513839722
RGI60-06.00238,06,2010,2010,-0.006908018607646227,-0.04861830919981003
RGI60-06.00238,06,2011,2011,-0.3144092261791229,-2.2135074138641357
RGI60-06.00238,06,2012,2012,0.1511794924736023,1.0641226768493652
RGI60-06.00238,06,2013,2013,0.047051701694726944,0.3311663866043091
RGI60-06.00238,06,2014,2014,0.05285662040114403,0.3720066249370575
RGI60-06.00238,06,2015,2015,-0.1568250209093094,-1.1039137840270996
RGI60-06.00238,06,2016,2016,-0.007631536107510328,-0.05372723937034607
RGI60-06.00238,06,2017,2017,-0.21053728461265564,-1.4823366403579712
RGI60-06.00238,06,2018,2018,-0.1913042962551117,-1.347220778465271
RGI60-06.00238,06,2019,2019,-0.0512942411005497,-0.3612467348575592
RGI60-06.00238,06,2020,2020,-0.2657657861709595,-1.8722739219665527
RGI60-06.00238,06,2021,2021,-0.27263185381889343,-1.9212514162063599
RGI60-06.00238,06,2022,2022,-0.3870713412761688,-2.728959798812866
RGI60-06.00238,06,2023,2023,-0.19965516030788422,-1.4079506397247314
RGI60-06.00238,06,2024,2024,-0.19588658213615417,-1.3816792964935303
RGI60-06.00238,06,2025,2025,-0.12854284048080444,-0.9068110585212708
RGI60-06.00238,06,2026,2026,-0.0010380902094766498,-0.007404195610433817
RGI60-06.00238,06,2027,2027,-0.1682230532169342,-1.2005072832107544
RGI60-06.00238,06,2028,2028,-0.13921524584293365,-0.9936496019363403
RGI60-06.00238,06,2029,2029,-0.13639667630195618,-0.9736784100532532
RGI60-06.00238,06,2030,2030,-0.21277284622192383,-1.519250750541687
RGI60-06.00238,06,2031,2031,-0.35970351099967957,-2.569406509399414
RGI60-06.00238,06,2032,2032,-0.3330780565738678,-2.3801209926605225
RGI60-06.00238,06,2033,2033,-0.24215394258499146,-1.7308752536773682
RGI60-06.00238,06,2034,2034,-0.1419771909713745,-1.0149579048156738
RGI60-06.00238,06,2035,2035,-0.14094328880310059,-1.0077368021011353
RGI60-06.00238,06,2036,2036,-0.16548626124858856,-1.1834182739257812
RGI60-06.00238,06,2037,2037,-0.1503196656703949,-1.0751270055770874
RGI60-06.00238,06,2038,2038,-0.24739472568035126,-1.7699517011642456
RGI60-06.00238,06,2039,2039,-0.14596597850322723,-1.044439435005188
RGI60-06.00238,06,2040,2040,-0.3577468693256378,-2.560866355895996
RGI60-06.00238,06,2041,2041,-0.4205964207649231,-3.012221336364746
RGI60-06.00238,06,2042,2042,-0.29751667380332947,-2.131420373916626
RGI60-06.00238,06,2043,2043,-0.258197158575058,-1.8502639532089233
RGI60-06.00238,06,2044,2044,-0.37523922324180603,-2.6901285648345947
RGI60-06.00238,06,2045,2045,-0.3017570972442627,-2.1640501022338867
RGI60-06.00238,06,2046,2046,-0.43239080905914307,-3.102431058883667
RGI60-06.00238,06,2047,2047,-0.3659215569496155,-2.6265499591827393
RGI60-06.00238,06,2048,2048,-0.5364640951156616,-3.8530499935150146
RGI60-06.00238,06,2049,2049,-0.5199720859527588,-3.736806631088257
RGI60-06.00238,06,2050,2050,-0.4600333571434021,-3.3077945709228516
RGI60-06.00238,06,2051,2051,-0.558509349822998,-4.018431663513184
RGI60-06.00238,06,2052,2052,-0.43268439173698425,-3.1146249771118164
RGI60-06.00238,06,2053,2053,-0.5153363347053528,-3.779144287109375
RGI60-06.00238,06,2054,2054,-0.5217976570129395,-3.9270105361938477
RGI60-06.00238,06,2055,2055,-0.3755642771720886,-2.82767915725708
RGI60-06.00238,06,2056,2056,-0.3794618248939514,-2.8582205772399902
RGI60-06.00238,06,2057,2057,-0.4818940758705139,-3.7744503021240234
RGI60-06.00238,06,2058,2058,-0.23173005878925323,-1.8154832124710083
RGI60-06.00238,06,2059,2059,-0.335606187582016,-2.630319595336914
RGI60-06.00238,06,2060,2060,-0.3677314221858978,-2.8833398818969727
RGI60-06.00238,06,2061,2061,-0.4158684015274048,-3.2623820304870605
RGI60-06.00238,06,2062,2062,-0.35622328519821167,-2.7955944538116455
RGI60-06.00238,06,2063,2063,-0.351283460855484,-2.7579452991485596
RGI60-06.00238,06,2064,2064,-0.58079993724823,-4.563007831573486
RGI60-06.00238,06,2065,2065,-0.43370676040649414,-3.538297414779663
RGI60-06.00238,06,2066,2066,-0.35168716311454773,-2.8703505992889404
RGI60-06.00238,06,2067,2067,-0.31435784697532654,-2.682143211364746
RGI60-06.00238,06,2068,2068,-0.36899179220199585,-3.1497879028320312
RGI60-06.00238,06,2069,2069,-0.30390772223472595,-2.7268526554107666
RGI60-06.00238,06,2070,2070,-0.24959778785705566,-2.2402617931365967
RGI60-06.00238,06,2071,2071,-0.40264269709587097,-3.8166964054107666
RGI60-06.00238,06,2072,2072,-0.3020716905593872,-3.031803607940674
RGI60-06.00238,06,2073,2073,-0.16545690596103668,-1.6610335111618042
RGI60-06.00238,06,2074,2074,-0.20703084766864777,-2.0790493488311768
RGI60-06.00238,06,2075,2075,-0.1707291454076767,-1.7149379253387451
RGI60-06.00238,06,2076,2076,-0.19571252167224884,-1.9664777517318726
RGI60-06.00238,06,2077,2077,-0.2354755699634552,-2.5111846923828125
RGI60-06.00238,06,2078,2078,-0.2087043672800064,-2.226482391357422
RGI60-06.00238,06,2079,2079,-0.23797641694545746,-2.5397708415985107
RGI60-06.00238,06,2080,2080,-0.17754541337490082,-1.8953919410705566
RGI60-06.00238,06,2081,2081,-0.21545353531837463,-2.3009164333343506
RGI60-06.00238,06,2082,2082,-0.17674273252487183,-1.8880666494369507
RGI60-06.00238,06,2083,2083,-0.28559908270835876,-3.2467997074127197
RGI60-06.00238,06,2084,2084,-0.2015404999256134,-2.292056083679199
RGI60-06.00238,06,2085,2085,-0.2546660900115967,-2.897639751434326
RGI60-06.00238,06,2086,2086,-0.2559144198894501,-2.9132916927337646
RGI60-06.00238,06,2087,2087,-0.24834631383419037,-2.828486204147339
RGI60-06.00238,06,2088,2088,-0.36512255668640137,-4.434255599975586
RGI60-06.00238,06,2089,2089,-0.16085155308246613,-1.9540777206420898
RGI60-06.00238,06,2090,2090,-0.18265250325202942,-2.2197320461273193
RGI60-06.00238,06,2091,2091,-0.1517939567565918,-1.972211480140686
RGI60-06.00238,06,2092,2092,-0.262144535779953,-3.4081320762634277
RGI60-06.00238,06,2093,2093,-0.25049641728401184,-3.2585744857788086
RGI60-06.00238,06,2094,2094,-0.23611362278461456,-3.0731661319732666
RGI60-06.00238,06,2095,2095,-0.33623480796813965,-4.6537699699401855
RGI60-06.00238,06,2096,2096,-0.23563651740550995,-3.2633254528045654
RGI60-06.00238,06,2097,2097,-0.23031866550445557,-3.1915576457977295
RGI60-06.00238,06,2098,2098,-0.14953453838825226,-2.0728671550750732
RGI60-06.00238,06,2099,2099,-0.2243412584066391,-3.2935051918029785
RGI60-06.00238,06,2100,2100,-0.16829514503479004,-2.471796751022339
RGI60-06.00377,06,2001,2001,-1.8855912685394287,-1.465991735458374
RGI60-06.00377,06,2002,2002,-0.9908959269523621,-0.7704203128814697
RGI60-06.00377,06,2003,2003,1.5954126119613647,1.2402945756912231
RGI60-06.00377,06,2004,2004,-1.1950410604476929,-0.9290955066680908
RGI60-06.00377,06,2005,2005,-1.7750294208526611,-1.3801214694976807
RGI60-06.00377,06,2006,2006,-0.49798133969306946,-0.3872087895870209
RGI60-06.00377,06,2007,2007,-0.9207671880722046,-0.7159762382507324
RGI60-06.00377,06,2008,2008,-0.037648074328899384,-0.02926086261868477
RGI60-06.00377,06,2009,2009,-2.3234431743621826,-1.8068575859069824
RGI60-06.00377,06,2010,2010,-0.4068474769592285,-0.3164058029651642
RGI60-06.00377,06,2011,2011,-2.4263546466827393,-1.8871634006500244
RGI60-06.00377,06,2012,2012,-0.09462349861860275,-0.07358341664075851
RGI60-06.00377,06,2013,2013,-0.03821849822998047,-0.0297270268201828
RGI60-06.00377,06,2014,2014,-0.3295716345310211,-0.2567313611507416
RGI60-06.00377,06,2015,2015,-0.9132509827613831,-0.7113719582557678
RGI60-06.00377,06,2016,2016,-0.15918222069740295,-0.12400604039430618
RGI60-06.00377,06,2017,2017,-1.6903045177459717,-1.3168063163757324
RGI60-06.00377,06,2018,2018,-1.8519362211227417,-1.4428303241729736
RGI60-06.00377,06,2019,2019,-0.1557261198759079,-0.12131629884243011
RGI60-06.00377,06,2020,2020,-1.8202608823776245,-1.4182958602905273
RGI60-06.00377,06,2021,2021,-2.8353159427642822,-2.2095682621002197
RGI60-06.00377,06,2022,2022,-1.8387829065322876,-1.4330949783325195
RGI60-06.00377,06,2023,2023,-2.0564169883728027,-1.6029002666473389
RGI60-06.00377,06,2024,2024,-1.7746268510818481,-1.3833640813827515
RGI60-06.00377,06,2025,2025,-1.217790961265564,-0.9493882060050964
RGI60-06.00377,06,2026,2026,-0.8776832818984985,-0.6842392683029175
RGI60-06.00377,06,2027,2027,-1.7846596240997314,-1.391516923904419
RGI60-06.00377,06,2028,2028,-1.0228397846221924,-0.7975297570228577
RGI60-06.00377,06,2029,2029,-1.1721569299697876,-0.9140373468399048
RGI60-06.00377,06,2030,2030,-2.6803951263427734,-2.090463399887085
RGI60-06.00377,06,2031,2031,-3.359671115875244,-2.6207377910614014
RGI60-06.00377,06,2032,2032,-2.6373112201690674,-2.0575132369995117
RGI60-06.00377,06,2033,2033,-2.3365628719329834,-1.8231627941131592
RGI60-06.00377,06,2034,2034,-1.2614117860794067,-0.9842894077301025
RGI60-06.00377,06,2035,2035,-1.432270884513855,-1.1177189350128174
RGI60-06.00377,06,2036,2036,-1.8690154552459717,-1.4587147235870361
RGI60-06.00377,06,2037,2037,-2.306464672088623,-1.803993821144104
RGI60-06.00377,06,2038,2038,-2.2876741886138916,-1.789559006690979
RGI60-06.00377,06,2039,2039,-0.7512166500091553,-0.587651789188385
RGI60-06.00377,06,2040,2040,-4.113974571228027,-3.219043493270874
RGI60-06.00377,06,2041,2041,-3.311084270477295,-2.591304302215576
RGI60-06.00377,06,2042,2042,-2.8841712474823,-2.2575464248657227
RGI60-06.00377,06,2043,2043,-3.1600892543792725,-2.473923683166504
RGI60-06.00377,06,2044,2044,-3.2385060787200928,-2.535781145095825
RGI60-06.00377,06,2045,2045,-3.750781536102295,-2.9375181198120117
RGI60-06.00377,06,2046,2046,-4.224838733673096,-3.309614658355713
RGI60-06.00377,06,2047,2047,-3.9593894481658936,-3.1023361682891846
RGI60-06.00377,06,2048,2048,-4.720135688781738,-3.709064245223999
RGI60-06.00377,06,2049,2049,-4.843682765960693,-3.807115077972412
RGI60-06.00377,06,2050,2050,-4.996087074279785,-3.9280283451080322
RGI60-06.00377,06,2051,2051,-4.9061279296875,-3.8583292961120605
RGI60-06.00377,06,2052,2052,-4.638866901397705,-3.649102210998535
RGI60-06.00377,06,2053,2053,-4.473510265350342,-3.519888162612915
RGI60-06.00377,06,2054,2054,-5.343341827392578,-4.205595016479492
RGI60-06.00377,06,2055,2055,-3.241760730743408,-2.551988124847412
RGI60-06.00377,06,2056,2056,-3.733064889907837,-2.9486782550811768
RGI60-06.00377,06,2057,2057,-4.102331161499023,-3.2665183544158936
RGI60-06.00377,06,2058,2058,-3.895703077316284,-3.1392362117767334
RGI60-06.00377,06,2059,2059,-3.653104543685913,-2.955925941467285
RGI60-06.00377,06,2060,2060,-4.488106727600098,-3.663048505783081
RGI60-06.00377,06,2061,2061,-3.3076281547546387,-2.7108922004699707
RGI60-06.00377,06,2062,2062,-3.541234016418457,-2.9255106449127197
RGI60-06.00377,06,2063,2063,-3.2389087677001953,-2.6871449947357178
RGI60-06.00377,06,2064,2064,-6.214985370635986,-5.291726589202881
RGI60-06.00377,06,2065,2065,-4.185110092163086,-3.5641188621520996
RGI60-06.00377,06,2066,2066,-3.9989166259765625,-3.441401958465576
RGI60-06.00377,06,2067,2067,-3.0918731689453125,-2.6612164974212646
RGI60-06.00377,06,2068,2068,-3.1423726081848145,-2.7334136962890625
RGI60-06.00377,06,2069,2069,-3.666257858276367,-3.189701557159424
RGI60-06.00377,06,2070,2070,-2.8773932456970215,-2.528015375137329
RGI60-06.00377,06,2071,2071,-4.449116230010986,-3.909817695617676
RGI60-06.00377,06,2072,2072,-4.759058475494385,-4.222557544708252
RGI60-06.00377,06,2073,2073,-2.1558051109313965,-1.9316351413726807
RGI60-06.00377,06,2074,2074,-2.6224465370178223,-2.3500571250915527
RGI60-06.00377,06,2075,2075,-2.5479557514190674,-2.3072896003723145
RGI60-06.00377,06,2076,2076,-2.1763405799865723,-1.9936001300811768
RGI60-06.00377,06,2077,2077,-2.1061110496520996,-1.9529985189437866
RGI60-06.00377,06,2078,2078,-2.5098044872283936,-2.327608346939087
RGI60-06.00377,06,2079,2079,-2.6263725757598877,-2.4360525608062744
RGI60-06.00377,06,2080,2080,-2.9594337940216064,-2.779191493988037
RGI60-06.00377,06,2081,2081,-2.8256523609161377,-2.653923988342285
RGI60-06.00377,06,2082,2082,-1.9287759065628052,-1.8117575645446777
RGI60-06.00377,06,2083,2083,-3.092846155166626,-2.905681610107422
RGI60-06.00377,06,2084,2084,-2.8201494216918945,-2.6827218532562256
RGI60-06.00377,06,2085,2085,-3.383327007293701,-3.2190797328948975
RGI60-06.00377,06,2086,2086,-3.262094736099243,-3.1042726039886475
RGI60-06.00377,06,2087,2087,-2.476015090942383,-2.3565573692321777
RGI60-06.00377,06,2088,2088,-4.989678382873535,-4.809500694274902
RGI60-06.00377,06,2089,2089,-1.6492339372634888,-1.5897973775863647
RGI60-06.00377,06,2090,2090,-3.2621283531188965,-3.145129442214966
RGI60-06.00377,06,2091,2091,-2.867159128189087,-2.7997679710388184
RGI60-06.00377,06,2092,2092,-3.641226291656494,-3.5564188957214355
RGI60-06.00377,06,2093,2093,-3.910735607147217,-3.820476770401001
RGI60-06.00377,06,2094,2094,-3.5768017768859863,-3.5403594970703125
RGI60-06.00377,06,2095,2095,-4.987094402313232,-4.937779426574707
RGI60-06.00377,06,2096,2096,-3.6604864597320557,-3.6730775833129883
RGI60-06.00377,06,2097,2097,-4.292081832885742,-4.308008193969727
RGI60-06.00377,06,2098,2098,-3.4360744953155518,-3.4954566955566406
RGI60-06.00377,06,2099,2099,-3.278536558151245,-3.335878372192383
RGI60-06.00377,06,2100,2100,-2.514334201812744,-2.558676242828369
RGI60-06.00443,06,2001,2001,-0.6771116852760315,-2.765376329421997
RGI60-06.00443,06,2002,2002,-0.5945845246315002,-2.429652690887451
RGI60-06.00443,06,2003,2003,-0.43385881185531616,-1.7735810279846191
RGI60-06.00443,06,2004,2004,-0.4772866368293762,-1.9519379138946533
RGI60-06.00443,06,2005,2005,-0.6136266589164734,-2.510974884033203
RGI60-06.00443,06,2006,2006,-0.3655000329017639,-1.4962202310562134
RGI60-06.00443,06,2007,2007,-0.32717248797416687,-1.3397414684295654
RGI60-06.00443,06,2008,2008,-0.34363093972206116,-1.407444715499878
RGI60-06.00443,06,2009,2009,-0.6804922819137573,-2.789140224456787
RGI60-06.00443,06,2010,2010,-0.4375413954257965,-1.7940200567245483
RGI60-06.00443,06,2011,2011,-0.891105055809021,-3.6571147441864014
RGI60-06.00443,06,2012,2012,-0.2120640128850937,-0.8703771233558655
RGI60-06.00443,06,2013,2013,-0.15840208530426025,-0.6502125859260559
RGI60-06.00443,06,2014,2014,-0.24353806674480438,-0.9998347163200378
RGI60-06.00443,06,2015,2015,-0.5104551911354065,-2.0966198444366455
RGI60-06.00443,06,2016,2016,-0.2939871549606323,-1.20780611038208
RGI60-06.00443,06,2017,2017,-0.7306897044181824,-3.0040411949157715
RGI60-06.00443,06,2018,2018,-0.7661483287811279,-3.163487672805786
RGI60-06.00443,06,2019,2019,-0.3838878571987152,-1.5855567455291748
RGI60-06.00443,06,2020,2020,-0.9723654985427856,-4.020149230957031
RGI60-06.00443,06,2021,2021,-0.9499511122703552,-3.9311583042144775
RGI60-06.00443,06,2022,2022,-0.960235595703125,-3.977487564086914
RGI60-06.00443,06,2023,2023,-0.8403623700141907,-3.483649253845215
RGI60-06.00443,06,2024,2024,-0.8725913763046265,-3.619799852371216
RGI60-06.00443,06,2025,2025,-0.7540519833564758,-3.1301462650299072
RGI60-06.00443,06,2026,2026,-0.49414774775505066,-2.0520598888397217
RGI60-06.00443,06,2027,2027,-0.7126038670539856,-2.9613852500915527
RGI60-06.00443,06,2028,2028,-0.7424337267875671,-3.0872535705566406
RGI60-06.00443,06,2029,2029,-0.6666259169578552,-2.773573875427246
RGI60-06.00443,06,2030,2030,-1.0341895818710327,-4.3069024085998535
RGI60-06.00443,06,2031,2031,-0.9868903756141663,-4.113860130310059
RGI60-06.00443,06,2032,2032,-1.044734001159668,-4.359018325805664
RGI60-06.00443,06,2033,2033,-0.8409537672996521,-3.51127552986145
RGI60-06.00443,06,2034,2034,-0.5431162118911743,-2.268620491027832
RGI60-06.00443,06,2035,2035,-0.6284577250480652,-2.626563310623169
RGI60-06.00443,06,2036,2036,-0.7672388553619385,-3.2088847160339355
RGI60-06.00443,06,2037,2037,-0.844510555267334,-3.552091598510742
RGI60-06.00443,06,2038,2038,-0.8891714811325073,-3.7429721355438232
RGI60-06.00443,06,2039,2039,-0.6751781105995178,-2.8435747623443604
RGI60-06.00443,06,2040,2040,-1.3392119407653809,-5.647496223449707
RGI60-06.00443,06,2041,2041,-1.2233484983444214,-5.164830684661865
RGI60-06.00443,06,2042,2042,-1.168747067451477,-4.938604831695557
RGI60-06.00443,06,2043,2043,-1.2906922101974487,-5.4600629806518555
RGI60-06.00443,06,2044,2044,-1.2656186819076538,-5.359777450561523
RGI60-06.00443,06,2045,2045,-1.0227265357971191,-4.33519983291626
RGI60-06.00443,06,2046,2046,-1.4110478162765503,-6.1581711769104
RGI60-06.00443,06,2047,2047,-1.2940267324447632,-5.653892993927002
RGI60-06.00443,06,2048,2048,-1.4651291370391846,-6.707020282745361
RGI60-06.00443,06,2049,2049,-1.42375648021698,-6.702848434448242
RGI60-06.00443,06,2050,2050,-1.2975246906280518,-6.297040939331055
RGI60-06.00443,06,2051,2051,-1.271985650062561,-6.48952579498291
RGI60-06.00443,06,2052,2052,-1.000496745109558,-5.2726664543151855
RGI60-06.00443,06,2053,2053,-0.8867387771606445,-4.723287582397461
RGI60-06.00443,06,2054,2054,-1.0292109251022339,-5.490083694458008
RGI60-06.00443,06,2055,2055,-0.7608131766319275,-4.190385818481445
RGI60-06.00443,06,2056,2056,-0.8601762652397156,-4.74280309677124
RGI60-06.00443,06,2057,2057,-0.9859886169433594,-5.443387508392334
RGI60-06.00443,06,2058,2058,-0.802546501159668,-4.48716926574707
RGI60-06.00443,06,2059,2059,-0.8045430183410645,-4.645412445068359
RGI60-06.00443,06,2060,2060,-0.7859706282615662,-4.543424129486084
RGI60-06.00443,06,2061,2061,-0.7966325283050537,-4.610500335693359
RGI60-06.00443,06,2062,2062,-0.8322673439979553,-4.8220367431640625
RGI60-06.00443,06,2063,2063,-0.6964096426963806,-4.166220188140869
RGI60-06.00443,06,2064,2064,-1.2953604459762573,-7.764035701751709
RGI60-06.00443,06,2065,2065,-0.9498462677001953,-5.886043071746826
RGI60-06.00443,06,2066,2066,-0.7891373038291931,-4.896124839782715
RGI60-06.00443,06,2067,2067,-0.7625747919082642,-4.891521453857422
RGI60-06.00443,06,2068,2068,-0.7507678270339966,-4.821639537811279
RGI60-06.00443,06,2069,2069,-0.8435437679290771,-5.42450475692749
RGI60-06.00443,06,2070,2070,-0.6811549663543701,-4.521240234375
RGI60-06.00443,06,2071,2071,-0.9337695240974426,-6.208178997039795
RGI60-06.00443,06,2072,2072,-1.088015079498291,-7.246415138244629
RGI60-06.00443,06,2073,2073,-0.519284188747406,-3.568814277648926
RGI60-06.00443,06,2074,2074,-0.6629726886749268,-4.561568260192871
RGI60-06.00443,06,2075,2075,-0.5577564239501953,-3.841412305831909
RGI60-06.00443,06,2076,2076,-0.48534807562828064,-3.458256244659424
RGI60-06.00443,06,2077,2077,-0.5852207541465759,-4.174479961395264
RGI60-06.00443,06,2078,2078,-0.6444569230079651,-4.6025590896606445
RGI60-06.00443,06,2079,2079,-0.6146543025970459,-4.553600788116455
RGI60-06.00443,06,2080,2080,-0.48593947291374207,-3.603278160095215
RGI60-06.00443,06,2081,2081,-0.614071249961853,-4.729072570800781
RGI60-06.00443,06,2082,2082,-0.44737493991851807,-3.448181390762329
RGI60-06.00443,06,2083,2083,-0.6375426054000854,-4.92127799987793
RGI60-06.00443,06,2084,2084,-0.5681813955307007,-4.561610698699951
RGI60-06.00443,06,2085,2085,-0.6948493719100952,-5.587775707244873
RGI60-06.00443,06,2086,2086,-0.7049681544303894,-5.9019246101379395
RGI60-06.00443,06,2087,2087,-0.6170198917388916,-5.173558712005615
RGI60-06.00443,06,2088,2088,-0.7028038501739502,-6.650754928588867
RGI60-06.00443,06,2089,2089,-0.38523635268211365,-3.649345636367798
RGI60-06.00443,06,2090,2090,-0.5126718878746033,-5.0834736824035645
RGI60-06.00443,06,2091,2091,-0.44609567523002625,-4.429296016693115
RGI60-06.00443,06,2092,2092,-0.589599609375,-5.865908622741699
RGI60-06.00443,06,2093,2093,-0.6262200474739075,-6.528509140014648
RGI60-06.00443,06,2094,2094,-0.571507453918457,-5.970654487609863
RGI60-06.00443,06,2095,2095,-0.7415812611579895,-7.769519329071045
RGI60-06.00443,06,2096,2096,-0.6088095307350159,-6.6744537353515625
RGI60-06.00443,06,2097,2097,-0.5579819083213806,-6.130900859832764
RGI60-06.00443,06,2098,2098,-0.434869647026062,-4.785876750946045
RGI60-06.00443,06,2099,2099,-0.5149378776550293,-5.9168901443481445
RGI60-06.00443,06,2100,2100,-0.4295627772808075,-5.15488338470459
RGI60-06.00472,06,2001,2001,-0.17350368201732635,-1.4888663291931152
RGI60-06.00472,06,2002,2002,-0.10773279517889023,-0.9246983528137207
RGI60-06.00472,06,2003,2003,0.2997857928276062,2.5716800689697266
RGI60-06.00472,06,2004,2004,-0.11115115135908127,-0.953744113445282
RGI60-06.00472,06,2005,2005,-0.17043554782867432,-1.463028073310852
RGI60-06.00472,06,2006,2006,-0.055339645594358444,-0.4750967025756836
RGI60-06.00472,06,2007,2007,-0.08623699098825455,-0.7404868602752686
RGI60-06.00472,06,2008,2008,-0.0044333795085549355,-0.03812525421380997
RGI60-06.00472,06,2009,2009,-0.21920481324195862,-1.885331153869629
RGI60-06.00472,06,2010,2010,-0.04215904697775841,-0.36263057589530945
RGI60-06.00472,06,2011,2011,-0.20625700056552887,-1.7750015258789062
RGI60-06.00472,06,2012,2012,-0.01244240254163742,-0.10709527134895325
RGI60-06.00472,06,2013,2013,0.0041670408099889755,0.035868089646101
RGI60-06.00472,06,2014,2014,-0.01495059672743082,-0.12868058681488037
RGI60-06.00472,06,2015,2015,-0.09201464056968689,-0.7922000288963318
RGI60-06.00472,06,2016,2016,-0.01673317514359951,-0.14408309757709503
RGI60-06.00472,06,2017,2017,-0.18156513571739197,-1.5639351606369019
RGI60-06.00472,06,2018,2018,-0.18075142800807953,-1.5575997829437256
RGI60-06.00472,06,2019,2019,-0.009871294721961021,-0.08506322652101517
RGI60-06.00472,06,2020,2020,-0.14856015145778656,-1.2807904481887817
RGI60-06.00472,06,2021,2021,-0.2542712986469269,-2.193488597869873
RGI60-06.00472,06,2022,2022,-0.1497723013162613,-1.2925233840942383
RGI60-06.00472,06,2023,2023,-0.18733438849449158,-1.6175113916397095
RGI60-06.00472,06,2024,2024,-0.16598118841648102,-1.4338163137435913
RGI60-06.00472,06,2025,2025,-0.10385725647211075,-0.8974437117576599
RGI60-06.00472,06,2026,2026,-0.0813988596200943,-0.7035538554191589
RGI60-06.00472,06,2027,2027,-0.15708717703819275,-1.3582751750946045
RGI60-06.00472,06,2028,2028,-0.08848933130502701,-0.7653624415397644
RGI60-06.00472,06,2029,2029,-0.08963017910718918,-0.7754466533660889
RGI60-06.00472,06,2030,2030,-0.24386732280254364,-2.111255645751953
RGI60-06.00472,06,2031,2031,-0.30945783853530884,-2.681145668029785
RGI60-06.00472,06,2032,2032,-0.23655246198177338,-2.050913095474243
RGI60-06.00472,06,2033,2033,-0.20055274665355682,-1.7397888898849487
RGI60-06.00472,06,2034,2034,-0.1331607699394226,-1.1555942296981812
RGI60-06.00472,06,2035,2035,-0.12286374717950821,-1.0666378736495972
RGI60-06.00472,06,2036,2036,-0.16231326758861542,-1.4097524881362915
RGI60-06.00472,06,2037,2037,-0.21053309738636017,-1.8296377658843994
RGI60-06.00472,06,2038,2038,-0.19538326561450958,-1.6989587545394897
RGI60-06.00472,06,2039,2039,-0.06183033436536789,-0.5378090143203735
RGI60-06.00472,06,2040,2040,-0.3681109845638275,-3.204911470413208
RGI60-06.00472,06,2041,2041,-0.29568585753440857,-2.576456308364868
RGI60-06.00472,06,2042,2042,-0.26819008588790894,-2.3388419151306152
RGI60-06.00472,06,2043,2043,-0.28424379229545593,-2.480930805206299
RGI60-06.00472,06,2044,2044,-0.2957110106945038,-2.5877952575683594
RGI60-06.00472,06,2045,2045,-0.3285503089427948,-2.8777525424957275
RGI60-06.00472,06,2046,2046,-0.3651666045188904,-3.2019851207733154
RGI60-06.00472,06,2047,2047,-0.3483453392982483,-3.057554006576538
RGI60-06.00472,06,2048,2048,-0.41389182209968567,-3.6372687816619873
RGI60-06.00472,06,2049,2049,-0.45202434062957764,-3.977424383163452
RGI60-06.00472,06,2050,2050,-0.46108824014663696,-4.0624566078186035
RGI60-06.00472,06,2051,2051,-0.44321000576019287,-3.9098663330078125
RGI60-06.00472,06,2052,2052,-0.40855246782302856,-3.608423948287964
RGI60-06.00472,06,2053,2053,-0.38814300298690796,-3.432002305984497
RGI60-06.00472,06,2054,2054,-0.47739776968955994,-4.226602554321289
RGI60-06.00472,06,2055,2055,-0.2880113124847412,-2.5846428871154785
RGI60-06.00472,06,2056,2056,-0.30109021067619324,-2.75294828414917
RGI60-06.00472,06,2057,2057,-0.3463960289955139,-3.274390935897827
RGI60-06.00472,06,2058,2058,-0.2944789528846741,-2.789050340652466
RGI60-06.00472,06,2059,2059,-0.2822766602039337,-2.7276296615600586
RGI60-06.00472,06,2060,2060,-0.34621986746788025,-3.3489394187927246
RGI60-06.00472,06,2061,2061,-0.24216128885746002,-2.39448881149292
RGI60-06.00472,06,2062,2062,-0.28189918398857117,-2.7900407314300537
RGI60-06.00472,06,2063,2063,-0.25117799639701843,-2.488192319869995
RGI60-06.00472,06,2064,2064,-0.5298811197280884,-5.386934280395508
RGI60-06.00472,06,2065,2065,-0.3568041920661926,-3.6907787322998047
RGI60-06.00472,06,2066,2066,-0.3133941888809204,-3.2451512813568115
RGI60-06.00472,06,2067,2067,-0.265087366104126,-2.7526421546936035
RGI60-06.00472,06,2068,2068,-0.24863414466381073,-2.64363431930542
RGI60-06.00472,06,2069,2069,-0.2617853879928589,-2.884202241897583
RGI60-06.00472,06,2070,2070,-0.1838793307542801,-2.0266799926757812
RGI60-06.00472,06,2071,2071,-0.32559964060783386,-3.591245651245117
RGI60-06.00472,06,2072,2072,-0.4028461277484894,-4.447098255157471
RGI60-06.00472,06,2073,2073,-0.1541018784046173,-1.7017077207565308
RGI60-06.00472,06,2074,2074,-0.19664785265922546,-2.1724488735198975
RGI60-06.00472,06,2075,2075,-0.1909603774547577,-2.169405698776245
RGI60-06.00472,06,2076,2076,-0.17465606331825256,-1.9849311113357544
RGI60-06.00472,06,2077,2077,-0.16219058632850647,-1.8439114093780518
RGI60-06.00472,06,2078,2078,-0.203909233212471,-2.319241762161255
RGI60-06.00472,06,2079,2079,-0.21326777338981628,-2.426825761795044
RGI60-06.00472,06,2080,2080,-0.23111873865127563,-2.631300687789917
RGI60-06.00472,06,2081,2081,-0.2521951198577881,-2.87284517288208
RGI60-06.00472,06,2082,2082,-0.14360353350639343,-1.6872854232788086
RGI60-06.00472,06,2083,2083,-0.24617628753185272,-2.894124984741211
RGI60-06.00472,06,2084,2084,-0.23489150404930115,-2.762907028198242
RGI60-06.00472,06,2085,2085,-0.2849987745285034,-3.354482650756836
RGI60-06.00472,06,2086,2086,-0.26434600353240967,-3.113276958465576
RGI60-06.00472,06,2087,2087,-0.2036895602941513,-2.4000020027160645
RGI60-06.00472,06,2088,2088,-0.4267882704734802,-5.197442531585693
RGI60-06.00472,06,2089,2089,-0.10947133600711823,-1.3334612846374512
RGI60-06.00472,06,2090,2090,-0.254650354385376,-3.103736639022827
RGI60-06.00472,06,2091,2091,-0.23175469040870667,-2.8261947631835938
RGI60-06.00472,06,2092,2092,-0.2852897346019745,-3.598855972290039
RGI60-06.00472,06,2093,2093,-0.30558231472969055,-4.012558460235596
RGI60-06.00472,06,2094,2094,-0.29943397641181946,-3.934741973876953
RGI60-06.00472,06,2095,2095,-0.38892102241516113,-5.301214218139648
RGI60-06.00472,06,2096,2096,-0.2846904695034027,-3.8832976818084717
RGI60-06.00472,06,2097,2097,-0.31326523423194885,-4.438326835632324
RGI60-06.00472,06,2098,2098,-0.2517106831073761,-3.5685935020446777
RGI60-06.00472,06,2099,2099,-0.2312571406364441,-3.280635356903076
RGI60-06.00472,06,2100,2100,-0.1993977427482605,-2.941997528076172
RGI60-07.00493,07,2001,2001,0.0012390236370265484,0.26090168952941895
RGI60-07.00493,07,2002,2002,-0.0027462532743811607,-0.5787283778190613
RGI60-07.00493,07,2003,2003,-0.0021523989271372557,-0.45383474230766296
RGI60-07.00493,07,2004,2004,-0.004176707472652197,-0.8817124366760254
RGI60-07.00493,07,2005,2005,-0.002927591325715184,-0.6185257434844971
RGI60-07.00493,07,2006,2006,-0.004319379571825266,-0.9137073755264282
RGI60-07.00493,07,2007,2007,-0.0016062217764556408,-0.339934766292572
RGI60-07.00493,07,2008,2008,-0.003380183130502701,-0.7160971164703369
RGI60-07.00493,07,2009,2009,-0.0015591997653245926,-0.3304772973060608
RGI60-07.00493,07,2010,2010,-0.0011915755458176136,-0.2526620626449585
RGI60-07.00493,07,2011,2011,-0.001997307874262333,-0.42378929257392883
RGI60-07.00493,07,2012,2012,-0.0016297491965815425,-0.34598085284233093
RGI60-07.00493,07,2013,2013,0.0025514804292470217,0.5412496328353882
RGI60-07.00493,07,2014,2014,-0.008807776495814323,-1.873505711555481
RGI60-07.00493,07,2015,2015,0.0009604300721548498,0.20425604283809662
RGI60-07.00493,07,2016,2016,0.0008028815500438213,0.17072170972824097
RGI60-07.00493,07,2017,2017,-0.0008371896110475063,-0.17808443307876587
RGI60-07.00493,07,2018,2018,-0.003636658191680908,-0.7745267748832703
RGI60-07.00493,07,2019,2019,0.0037837864365428686,0.8050685524940491
RGI60-07.00493,07,2020,2020,-0.007298056036233902,-1.5564610958099365
RGI60-07.00493,07,2021,2021,-0.0028931850101798773,-0.6176416873931885
RGI60-07.00493,07,2022,2022,-0.0058852313086390495,-1.2588741779327393
RGI60-07.00493,07,2023,2023,-0.004752179142087698,-1.018140435218811
RGI60-07.00493,07,2024,2024,-0.0032256818376481533,-0.6919013261795044
RGI60-07.00493,07,2025,2025,-0.005960237234830856,-1.281036615371704
RGI60-07.00493,07,2026,2026,-0.004927979316562414,-1.0609550476074219
RGI60-07.00493,07,2027,2027,-0.007203520741313696,-1.5546188354492188
RGI60-07.00493,07,2028,2028,-0.008567881770431995,-1.8546541929244995
RGI60-07.00493,07,2029,2029,-0.003876536386087537,-0.8403433561325073
RGI60-07.00493,07,2030,2030,-0.009609756991267204,-2.0901167392730713
RGI60-07.00493,07,2031,2031,-0.008850734680891037,-1.9309746026992798
RGI60-07.00493,07,2032,2032,-0.004340039566159248,-0.9483969211578369
RGI60-07.00493,07,2033,2033,-0.007129366509616375,-1.5620217323303223
RGI60-07.00493,07,2034,2034,-0.0038615285884588957,-0.847425103187561
RGI60-07.00493,07,2035,2035,-0.005514100659638643,-1.2126379013061523
RGI60-07.00493,07,2036,2036,-0.010707681067287922,-2.365546226501465
RGI60-07.00493,07,2037,2037,-0.011211243458092213,-2.487053155899048
RGI60-07.00493,07,2038,2038,-0.009297526441514492,-2.069580078125
RGI60-07.00493,07,2039,2039,-0.012375622056424618,-2.7890541553497314
RGI60-07.00493,07,2040,2040,-0.012444516643881798,-2.817619800567627
RGI60-07.00493,07,2041,2041,-0.010833706706762314,-2.4627251625061035
RGI60-07.00493,07,2042,2042,-0.011676762253046036,-2.665900707244873
RGI60-07.00493,07,2043,2043,-0.013218406587839127,-3.0330710411071777
RGI60-07.00493,07,2044,2044,-0.009649799205362797,-2.2475624084472656
RGI60-07.00493,07,2045,2045,-0.009734692983329296,-2.310811758041382
RGI60-07.00493,07,2046,2046,-0.012896993197500706,-3.1265814304351807
RGI60-07.00493,07,2047,2047,-0.008869118057191372,-2.157989025115967
RGI60-07.00493,07,2048,2048,-0.012466019950807095,-3.096799612045288
RGI60-07.00493,07,2049,2049,-0.011975475586950779,-3.0873725414276123
RGI60-07.00493,07,2050,2050,-0.014159904792904854,-3.782386064529419
RGI60-07.00493,07,2051,2051,-0.008224190212786198,-2.3103387355804443
RGI60-07.00493,07,2052,2052,-0.005818495061248541,-1.759562611579895
RGI60-07.00493,07,2053,2053,-0.007839233614504337,-2.4191997051239014
RGI60-07.00493,07,2054,2054,-0.007517849560827017,-2.8259365558624268
RGI60-07.00493,07,2055,2055,-0.004895350895822048,-2.072017192840576
RGI60-07.00493,07,2056,2056,-0.004828365985304117,-2.1064999103546143
RGI60-07.00493,07,2057,2057,-0.0040816026739776134,-1.9523881673812866
RGI60-07.00493,07,2058,2058,-0.005418183282017708,-2.787386417388916
RGI60-07.00493,07,2059,2059,-0.00411083223298192,-2.977633237838745
RGI60-07.00493,07,2060,2060,-0.0011749626137316227,-1.1379328966140747
RGI60-07.00493,07,2061,2061,-0.001148195588029921,-4.213816165924072
RGI60-07.00493,07,2062,2062,-0.0002528128388803452,-7.636054039001465
RGI60-07.00493,07,2063,2063,-2.000881613639649e-05,-0.6075212359428406
RGI60-07.00493,07,2064,2064,-1.583817538630683e-05,-0.4828929305076599
RGI60-07.00493,07,2065,2065,3.9387518881994765e-06,0.11991207301616669
RGI60-07.00493,07,2066,2066,-3.2358471798943356e-05,-0.9938982725143433
RGI60-07.00493,07,2067,2067,-2.712616878852714e-05,-2.0758628845214844
RGI60-07.00493,07,2068,2068,-8.135199891512457e-07,-0.06230069324374199
RGI60-07.00493,07,2069,2069,-5.322599918144988e-06,-0.40954968333244324
RGI60-07.00493,07,2070,2070,9.671200018601667e-08,0.007440578658133745
RGI60-07.00493,07,2071,2071,-6.893520094308769e-06,-0.5336814522743225
RGI60-07.00493,07,2072,2072,-4.310400072427001e-07,-0.03338354453444481
RGI60-07.00493,07,2073,2073,-2.052079616987612e-05,-1.6197283267974854
RGI60-07.00493,07,2074,2074,1.9983308447990566e-05,0.17400886118412018
RGI60-07.00493,07,2075,2075,-1.696756407909561e-05,-1.335479736328125
RGI60-07.00493,07,2076,2076,-8.268491910712328e-06,-0.6558945178985596
RGI60-07.00493,07,2077,2077,-1.1470956451375969e-05,-0.9200246930122375
RGI60-07.00493,07,2078,2078,-3.644068101493758e-06,-0.29331257939338684
RGI60-07.00493,07,2079,2079,-5.612956101685995e-06,-0.454294353723526
RGI60-07.00493,07,2080,2080,5.903800115447666e-07,0.04775543138384819
RGI60-07.00493,07,2081,2081,-1.0226957783743273e-05,-0.8357522487640381
RGI60-07.00493,07,2082,2082,3.3653259379207157e-06,0.2740864157676697
RGI60-07.00493,07,2083,2083,2.2065200937504414e-06,0.1793118119239807
RGI60-07.00493,07,2084,2084,-4.3051159082097e-06,-0.35136717557907104
RGI60-07.00493,07,2085,2085,-1.1649937732727267e-05,-0.9621801376342773
RGI60-07.00493,07,2086,2086,-1.5818257452338003e-05,
RGI60-07.00493,07,2087,2087,0.0,0.0
RGI60-07.00493,07,2088,2088,0.0,0.0
RGI60-07.00493,07,2089,2089,0.0,0.0
RGI60-07.00493,07,2090,2090,0.0,0.0
RGI60-07.00493,07,2091,2091,0.0,0.0
RGI60-07.00493,07,2092,2092,0.0,0.0
RGI60-07.00493,07,2093,2093,0.0,0.0
RGI60-07.00493,07,2094,2094,0.0,0.0
RGI60-07.00493,07,2095,2095,0.0,0.0
RGI60-07.00493,07,2096,2096,0.0,0.0
RGI60-07.00493,07,2097,2097,0.0,0.0
RGI60-07.00493,07,2098,2098,0.0,0.0
RGI60-07.00493,07,2099,2099,0.0,0.0
RGI60-07.00493,07,2100,2100,0.0,0.0
RGI60-07.00504,07,2001,2001,0.000548798474483192,0.06094909831881523
RGI60-07.00504,07,2002,2002,-0.006737625226378441,-0.7486774921417236
RGI60-07.00504,07,2003,2003,-0.005598150659352541,-0.6223694086074829
RGI60-07.00504,07,2004,2004,-0.009920446202158928,-1.1038764715194702
RGI60-07.00504,07,2005,2005,-0.006937575526535511,-0.7724320888519287
RGI60-07.00504,07,2006,2006,-0.009612689726054668,-1.0795228481292725
RGI60-07.00504,07,2007,2007,-0.004633984994143248,-0.5206148028373718
RGI60-07.00504,07,2008,2008,-0.008089764043688774,-0.9095190167427063
RGI60-07.00504,07,2009,2009,-0.004841144196689129,-0.5445097088813782
RGI60-07.00504,07,2010,2010,-0.003900964977219701,-0.43891456723213196
RGI60-07.00504,07,2011,2011,-0.005718278232961893,-0.6437219977378845
RGI60-07.00504,07,2012,2012,-0.004947181791067123,-0.5571600198745728
RGI60-07.00504,07,2013,2013,0.0031161713413894176,0.3481171429157257
RGI60-07.00504,07,2014,2014,-0.018126143142580986,-2.044179677963257
RGI60-07.00504,07,2015,2015,0.0006912737153470516,0.07795104384422302
RGI60-07.00504,07,2016,2016,0.0002080768026644364,0.02346714772284031
RGI60-07.00504,07,2017,2017,-0.005330895073711872,-0.6014288663864136
RGI60-07.00504,07,2018,2018,-0.008729723282158375,-0.985691487789154
RGI60-07.00504,07,2019,2019,0.004788781050592661,0.5404741168022156
RGI60-07.00504,07,2020,2020,-0.015364522114396095,-1.7366703748703003
RGI60-07.00504,07,2021,2021,-0.007311589550226927,-0.8270056843757629
RGI60-07.00504,07,2022,2022,-0.012928810901939869,-1.4641839265823364
RGI60-07.00504,07,2023,2023,-0.010691936127841473,-1.2120989561080933
RGI60-07.00504,07,2024,2024,-0.008063221350312233,-0.9148175716400146
RGI60-07.00504,07,2025,2025,-0.012971671298146248,-1.4735572338104248
RGI60-07.00504,07,2026,2026,-0.011273044161498547,-1.282005786895752
RGI60-07.00504,07,2027,2027,-0.015239086002111435,-1.735590934753418
RGI60-07.00504,07,2028,2028,-0.017949458211660385,-2.047938346862793
RGI60-07.00504,07,2029,2029,-0.009109962731599808,-1.0403467416763306
RGI60-07.00504,07,2030,2030,-0.019847512245178223,-2.27107310295105
RGI60-07.00504,07,2031,2031,-0.018332909792661667,-2.1016042232513428
RGI60-07.00504,07,2032,2032,-0.010051976889371872,-1.1534559726715088
RGI60-07.00504,07,2033,2033,-0.015416163951158524,-1.7717740535736084
RGI60-07.00504,07,2034,2034,-0.00955111812800169,-1.0987982749938965
RGI60-07.00504,07,2035,2035,-0.01249551959335804,-1.4393863677978516
RGI60-07.00504,07,2036,2036,-0.022090187296271324,-2.5503649711608887
RGI60-07.00504,07,2037,2037,-0.023968186229467392,-2.774080753326416
RGI60-07.00504,07,2038,2038,-0.01984836347401142,-2.3020248413085938
RGI60-07.00504,07,2039,2039,-0.02612415701150894,-3.0548603534698486
RGI60-07.00504,07,2040,2040,-0.027294958010315895,-3.2006943225860596
RGI60-07.00504,07,2041,2041,-0.023051206022500992,-2.7094595432281494
RGI60-07.00504,07,2042,2042,-0.024705007672309875,-2.911318778991699
RGI60-07.00504,07,2043,2043,-0.028365882113575935,-3.352691411972046
RGI60-07.00504,07,2044,2044,-0.020980169996619225,-2.485189914703369
RGI60-07.00504,07,2045,2045,-0.021557575091719627,-2.559390068054199
RGI60-07.00504,07,2046,2046,-0.029087956994771957,-3.493072509765625
RGI60-07.00504,07,2047,2047,-0.02148851752281189,-2.5863540172576904
RGI60-07.00504,07,2048,2048,-0.028706684708595276,-3.6627280712127686
RGI60-07.00504,07,2049,2049,-0.027509883046150208,-3.8783342838287354
RGI60-07.00504,07,2050,2050,-0.0284073818475008,-4.483561038970947
RGI60-07.00504,07,2051,2051,-0.01612064428627491,-2.7306697368621826
RGI60-07.00504,07,2052,2052,-0.012264300137758255,-2.217505693435669
RGI60-07.00504,07,2053,2053,-0.014438637532293797,-2.947632074356079
RGI60-07.00504,07,2054,2054,-0.013736231252551079,-3.2094645500183105
RGI60-07.00504,07,2055,2055,-0.010289005003869534,-2.410449504852295
RGI60-07.00504,07,2056,2056,-0.009817641228437424,-2.8320841789245605
RGI60-07.00504,07,2057,2057,-0.007957356981933117,-2.840421438217163
RGI60-07.00504,07,2058,2058,-0.008239763788878918,-3.9643616676330566
RGI60-07.00504,07,2059,2059,-0.0071236323565244675,-3.6714446544647217
RGI60-07.00504,07,2060,2060,-0.004707043524831533,-2.281554937362671
RGI60-07.00504,07,2061,2061,-0.0064165787771344185,-3.331634759902954
RGI60-07.00504,07,2062,2062,-0.007069765590131283,-4.148354530334473
RGI60-07.00504,07,2063,2063,-0.007146967109292746,-7.0522050857543945
RGI60-07.00504,07,2064,2064,-0.004230010323226452,-5.8206610679626465
RGI60-07.00504,07,2065,2065,-0.0034126625396311283,-5.747427463531494
RGI60-07.00504,07,2066,2066,-0.0025991122238337994,-8.274418830871582
RGI60-07.00504,07,2067,2067,-0.00034460413735359907,-8.931671142578125
RGI60-07.00504,07,2068,2068,-1.2431168215698563e-05,-0.32312434911727905
RGI60-07.00504,07,2069,2069,-2.526038406358566e-05,-0.6607426404953003
RGI60-07.00504,07,2070,2070,-7.980767804838251e-06,-0.20913153886795044
RGI60-07.00504,07,2071,2071,-2.8933056455571204e-05,-0.7637874484062195
RGI60-07.00504,07,2072,2072,-9.554752068652306e-06,-0.25280624628067017
RGI60-07.00504,07,2073,2073,-6.689177826046944e-05,-1.8023632764816284
RGI60-07.00504,07,2074,2074,1.5300704035325907e-05,0.12664788961410522
RGI60-07.00504,07,2075,2075,-2.6507583243073896e-05,-0.7158613204956055
RGI60-07.00504,07,2076,2076,-3.224318425054662e-05,-0.8784388303756714
RGI60-07.00504,07,2077,2077,-3.111292971880175e-05,-3.287949323654175
RGI60-07.00504,07,2078,2078,-3.845807896141196e-06,-0.40985310077667236
RGI60-07.00504,07,2079,2079,-5.12633596372325e-06,-0.5526116490364075
RGI60-07.00504,07,2080,2080,-8.094240229183924e-07,-0.08741465955972672
RGI60-07.00504,07,2081,2081,-8.840008376864716e-06,-0.974416971206665
RGI60-07.00504,07,2082,2082,1.0655199957909645e-06,0.1171552985906601
RGI60-07.00504,07,2083,2083,4.1043199416890275e-07,0.04508459195494652
RGI60-07.00504,07,2084,2084,-4.214703949401155e-06,-0.4676140248775482
RGI60-07.00504,07,2085,2085,-9.627631698094774e-06,-1.0936615467071533
RGI60-07.00504,07,2086,2086,-2.0062720068381168e-05,-2.4032042026519775
RGI60-07.00504,07,2087,2087,-1.2033783605147619e-05,-1.4924259185791016
RGI60-07.00504,07,2088,2088,-6.225624019862153e-06,-0.7868872284889221
RGI60-07.00504,07,2089,2089,-5.6007238526945e-06,-0.7205464839935303
RGI60-07.00504,07,2090,2090,-5.718723969039274e-06,-0.7496514916419983
RGI60-07.00504,07,2091,2091,-9.634592061047442e-06,-1.30569326877594
RGI60-07.00504,07,2092,2092,-5.484890152729349e-06,-0.7583182454109192
RGI60-07.00504,07,2093,2093,-1.631007035030052e-05,-2.4054577350616455
RGI60-07.00504,07,2094,2094,-8.44745500216959e-06,
RGI60-07.00504,07,2095,2095,0.0,0.0
RGI60-07.00504,07,2096,2096,0.0,0.0
RGI60-07.00504,07,2097,2097,0.0,0.0
RGI60-07.00504,07,2098,2098,0.0,0.0
RGI60-07.00504,07,2099,2099,0.0,0.0
RGI60-07.00504,07,2100,2100,0.0,0.0
