G042097E43196N,RGI60-12.00001
G042710E43199N,RGI60-12.00002
G041842E43354N,RGI60-12.00003
G043809E42798N,RGI60-12.00683
G042519E43157N,RGI60-12.00006
G043516E42952N,RGI60-12.00007
G043243E43097N,RGI60-12.00008
G041451E43299N,RGI60-12.00009
G043762E42752N,RGI60-12.01107
G044400E42691N,RGI60-12.00011
G043508E42955N,RGI60-12.00012
G043242E43083N,RGI60-12.00013
G042432E43372N,RGI60-12.00014
G041551E43277N,RGI60-12.00015
G042835E43268N,RGI60-12.00016
G042341E43133N,RGI60-12.01048
G042922E43239N,RGI60-12.00957
G042879E43260N,RGI60-12.00019
G044532E42697N,RGI60-12.01025
G044135E42713N,RGI60-12.00021
G042456E43165N,RGI60-12.00477
G043590E42862N,RGI60-12.00025
G043521E42988N,RGI60-12.00024
G043464E42869N,RGI60-12.00026
G042214E43290N,RGI60-12.00027
G043469E42974N,RGI60-12.00028
G042112E43132N,RGI60-12.00029
G041859E43202N,RGI60-12.00030
G042713E43130N,RGI60-12.01072
G042620E43332N,RGI60-12.00032
G043016E43017N,RGI60-12.00130
G042522E43171N,RGI60-12.01041
G041618E43210N,RGI60-12.00036
G043459E42963N,RGI60-12.00037
G041594E43429N,RGI60-12.00038
G042221E43239N,RGI60-12.01139
G041639E43252N,RGI60-12.00040
G043406E42917N,RGI60-12.00041
G042410E43340N,RGI60-12.00042
G042031E43164N,RGI60-12.00043
G042542E43175N,RGI60-12.00044
G043995E42543N,RGI60-12.00045
G044129E42738N,RGI60-12.00728
G042652E43327N,RGI60-12.00047
G042607E43189N,RGI60-12.00445
G041599E43422N,RGI60-12.00049
G044000E42539N,RGI60-12.00050
G042975E43269N,RGI60-12.00051
G043415E42917N,RGI60-12.00052
G041668E43251N,RGI60-12.00053
G042214E43163N,RGI60-12.00054
G044447E42733N,RGI60-12.00359
G044494E42679N,RGI60-12.00056
G043248E43030N,RGI60-12.00057
G041816E43213N,RGI60-12.00058
G042663E43151N,RGI60-12.00530
G044045E42749N,RGI60-12.00060
G042537E43215N,RGI60-12.00061
G042623E43193N,RGI60-12.00062
G041693E43224N,RGI60-12.00063
G042676E43186N,RGI60-12.00064
G043156E43165N,RGI60-12.00065
G042960E43301N,RGI60-12.00066
G043262E42953N,RGI60-12.00067
G043284E42942N,RGI60-12.00068
G043498E42868N,RGI60-12.00740
G041967E43252N,RGI60-12.00070
G042124E43208N,RGI60-12.00071
G042274E43210N,RGI60-12.00072
G042956E43281N,RGI60-12.00435
G042878E43227N,RGI60-12.00075
G041675E43212N,RGI60-12.00076
G042016E43179N,RGI60-12.00077
G042234E43233N,RGI60-12.00909
G041157E43386N,RGI60-12.00079
G042429E43293N,RGI60-12.00080
G041167E43406N,RGI60-12.00081
G042113E43279N,RGI60-12.00082
G041493E43296N,RGI60-12.00083
G041861E43360N,RGI60-12.00084
G041922E43315N,RGI60-12.00085
G041594E43323N,RGI60-12.00086
G044315E42752N,RGI60-12.00087
G042758E42916N,RGI60-12.00088
G042999E43050N,RGI60-12.00293
G042100E43207N,RGI60-12.00090
G043272E42918N,RGI60-12.00091
G041203E43291N,RGI60-12.00092
G041865E42988N,RGI60-12.00093
G042948E43169N,RGI60-12.00095
G043551E42942N,RGI60-12.00097
G042459E43216N,RGI60-12.00406
G042562E43340N,RGI60-12.00099
G044537E42706N,RGI60-12.00191
G042750E42905N,RGI60-12.00102
G042813E43111N,RGI60-12.00305
G043798E42806N,RGI60-12.00105
G042892E43141N,RGI60-12.00106
G042487E42935N,RGI60-12.00862
G043196E43090N,RGI60-12.00108
G041904E43293N,RGI60-12.00581
G043765E42614N,RGI60-12.00110
G041480E43288N,RGI60-12.00111
G042528E43298N,RGI60-12.00112
G042399E43194N,RGI60-12.00113
G042808E43097N,RGI60-12.00114
G041561E43266N,RGI60-12.00115
G043393E43016N,RGI60-12.00116
G043763E42603N,RGI60-12.00117
G041954E43199N,RGI60-12.00118
G043051E43105N,RGI60-12.01066
G041794E43237N,RGI60-12.00120
G042016E43165N,RGI60-12.00121
G042777E43222N,RGI60-12.01224
G044313E42735N,RGI60-12.01056
G042541E43289N,RGI60-12.00124
G042766E43192N,RGI60-12.01132
G043824E42596N,RGI60-12.00127
G041763E43216N,RGI60-12.00128
G041933E43227N,RGI60-12.00129
G044385E42682N,RGI60-12.00132
G043100E43030N,RGI60-12.01252
G042536E43184N,RGI60-12.00134
G043210E43112N,RGI60-12.00135
G043477E42845N,RGI60-12.00136
G042928E43272N,RGI60-12.00137
G044508E42671N,RGI60-12.00138
G042085E43116N,RGI60-12.00139
G042890E43202N,RGI60-12.00140
G042788E43204N,RGI60-12.00529
G044322E42554N,RGI60-12.00142
G043249E42958N,RGI60-12.00153
G043523E43014N,RGI60-12.00144
G041419E43344N,RGI60-12.00145
G041864E43222N,RGI60-12.00146
G043565E42952N,RGI60-12.00729
G042352E43246N,RGI60-12.00148
G044115E42735N,RGI60-12.00638
G042477E43195N,RGI60-12.00150
G043141E43156N,RGI60-12.00151
G043081E43122N,RGI60-12.01170
G041410E43309N,RGI60-12.00154
G043440E42899N,RGI60-12.00155
G043242E43022N,RGI60-12.00156
G043207E42924N,RGI60-12.00157
G041869E43231N,RGI60-12.00158
G042201E43166N,RGI60-12.00159
G043811E42728N,RGI60-12.00160
G042488E43308N,RGI60-12.00821
G041208E43280N,RGI60-12.00162
G041229E43392N,RGI60-12.00544
G044477E42719N,RGI60-12.00164
G044483E42698N,RGI60-12.00165
G042466E42951N,RGI60-12.00166
G042195E43161N,RGI60-12.00167
G042449E43302N,RGI60-12.00168
G041829E43365N,RGI60-12.00169
G042950E43105N,RGI60-12.00170
G042161E43239N,RGI60-12.00171
G041674E43218N,RGI60-12.00172
G043759E42834N,RGI60-12.00173
G042974E43160N,RGI60-12.00174
G044443E42706N,RGI60-12.00175
G043936E42548N,RGI60-12.00176
G043105E43123N,RGI60-12.00178
G041683E43194N,RGI60-12.00179
G043772E42828N,RGI60-12.00180
G041960E43213N,RGI60-12.00181
G043420E42875N,RGI60-12.00182
G044151E42739N,RGI60-12.00276
G041572E43240N,RGI60-12.00184
G042752E43244N,RGI60-12.00185
G042457E43154N,RGI60-12.00186
G043785E42817N,RGI60-12.00187
G042399E43373N,RGI60-12.00188
G041997E43219N,RGI60-12.00492
G043092E43100N,RGI60-12.00190
G043231E43094N,RGI60-12.00192
G041523E43281N,RGI60-12.00193
G044269E42613N,RGI60-12.00195
G042903E43083N,RGI60-12.00196
G042402E43386N,RGI60-12.00198
G042630E42911N,RGI60-12.01273
G044330E42751N,RGI60-12.00200
G042673E43114N,RGI60-12.00201
G043300E42903N,RGI60-12.00202
G043754E42622N,RGI60-12.00203
G042131E43289N,RGI60-12.00204
G041907E42975N,RGI60-12.00205
G044138E42718N,RGI60-12.00206
G042861E43199N,RGI60-12.00208
G043577E42870N,RGI60-12.00209
G041523E43387N,RGI60-12.00210
G042700E43108N,RGI60-12.00211
G043189E43106N,RGI60-12.00212
G042405E43314N,RGI60-12.00412
G041549E43379N,RGI60-12.00214
G042425E43229N,RGI60-12.00216
G044317E42739N,RGI60-12.00217
G042992E43021N,RGI60-12.00218
G043117E43064N,RGI60-12.00880
G043194E43108N,RGI60-12.00221
G042051E43198N,RGI60-12.00222
G041099E43410N,RGI60-12.00223
G042590E42905N,RGI60-12.00224
G043969E42549N,RGI60-12.00225
G044162E42753N,RGI60-12.01057
G041406E43354N,RGI60-12.00228
G042337E43141N,RGI60-12.00229
G041652E43255N,RGI60-12.00231
G042299E43213N,RGI60-12.00232
G042658E42910N,RGI60-12.00614
G042908E43210N,RGI60-12.00234
G041404E43342N,RGI60-12.00235
G043542E42951N,RGI60-12.00237
G043717E42797N,RGI60-12.00238
G041522E43269N,RGI60-12.00239
G042654E43333N,RGI60-12.00240
G042030E43196N,RGI60-12.00241
G042694E42895N,RGI60-12.00627
G042967E43092N,RGI60-12.00243
G041966E43270N,RGI60-12.00245
G042881E43181N,RGI60-12.00246
G041987E43123N,RGI60-12.00247
G044295E42698N,RGI60-12.00250
G044695E42677N,RGI60-12.00251
G042351E43270N,RGI60-12.00252
G042626E43198N,RGI60-12.00253
G042663E43320N,RGI60-12.00254
G043106E42983N,RGI60-12.00255
G043428E42969N,RGI60-12.00256
G042159E43247N,RGI60-12.00257
G044186E42741N,RGI60-12.00258
G042693E43189N,RGI60-12.00585
G042901E43169N,RGI60-12.00260
G042565E43214N,RGI60-12.00261
G043142E43076N,RGI60-12.00262
G043414E42984N,RGI60-12.00263
G043669E42842N,RGI60-12.00264
G041811E43167N,RGI60-12.00265
G044414E42749N,RGI60-12.00266
G042877E43234N,RGI60-12.00267
G042705E43191N,RGI60-12.01301
G044297E42751N,RGI60-12.00269
G042726E43245N,RGI60-12.00830
G043394E42980N,RGI60-12.00271
G043524E42863N,RGI60-12.00272
G041871E42991N,RGI60-12.00273
G042291E43210N,RGI60-12.00274
G042386E43249N,RGI60-12.01007
G042479E42941N,RGI60-12.01006
G042916E43093N,RGI60-12.00278
G041886E43249N,RGI60-12.00280
G043193E43068N,RGI60-12.00281
G041731E43261N,RGI60-12.00282
G042550E42943N,RGI60-12.00283
G042707E43195N,RGI60-12.00284
G043662E42816N,RGI60-12.00285
G041363E43375N,RGI60-12.00286
G041825E43164N,RGI60-12.00288
G042811E43183N,RGI60-12.01172
G042456E43231N,RGI60-12.00290
G044317E42757N,RGI60-12.00291
G042522E43108N,RGI60-12.00292
G041600E43239N,RGI60-12.00294
G042806E43129N,RGI60-12.00295
G043340E42906N,RGI60-12.00296
G043124E43045N,RGI60-12.00297
G043655E42811N,RGI60-12.00298
G041825E43175N,RGI60-12.00299
G042410E43268N,RGI60-12.00300
G042084E43196N,RGI60-12.00301
G042264E43242N,RGI60-12.00302
G042844E43258N,RGI60-12.00600
G043923E42551N,RGI60-12.00304
G042903E43242N,RGI60-12.00306
G042123E43294N,RGI60-12.00308
G043470E42995N,RGI60-12.00309
G042215E43243N,RGI60-12.00310
G044133E42743N,RGI60-12.00311
G042480E43118N,RGI60-12.00312
G042120E43285N,RGI60-12.00313
G042749E43194N,RGI60-12.00691
G042920E43145N,RGI60-12.00315
G042977E43013N,RGI60-12.00316
G044387E42700N,RGI60-12.00317
G041773E43243N,RGI60-12.00319
G043482E42972N,RGI60-12.00439
G043384E42910N,RGI60-12.00321
G042021E43225N,RGI60-12.00322
G041735E43236N,RGI60-12.00323
G042538E43292N,RGI60-12.00324
G042897E43253N,RGI60-12.00325
G044499E42692N,RGI60-12.00709
G042109E43126N,RGI60-12.00327
G044302E42566N,RGI60-12.00328
G042103E43238N,RGI60-12.00329
G043203E42969N,RGI60-12.00330
G041264E43417N,RGI60-12.00331
G042612E43183N,RGI60-12.00332
G042485E43124N,RGI60-12.00333
G044312E42567N,RGI60-12.00334
G042778E43201N,RGI60-12.00335
G043528E42963N,RGI60-12.00336
G041977E43205N,RGI60-12.00337
G043398E43015N,RGI60-12.00338
G043704E42797N,RGI60-12.00447
G041127E43401N,RGI60-12.00430
G044320E42559N,RGI60-12.00341
G042587E42908N,RGI60-12.00342
G043179E42923N,RGI60-12.00343
G042541E43338N,RGI60-12.00345
G042112E43216N,RGI60-12.00641
G042419E43262N,RGI60-12.00347
G043416E43008N,RGI60-12.00348
G042028E43170N,RGI60-12.00349
G042320E43218N,RGI60-12.00351
G041201E43388N,RGI60-12.00352
G043763E42801N,RGI60-12.00353
G041673E43238N,RGI60-12.00355
G041864E43225N,RGI60-12.00356
G041672E43225N,RGI60-12.00357
G042826E43283N,RGI60-12.00468
G042697E42892N,RGI60-12.00361
G042522E42934N,RGI60-12.00362
G043291E42928N,RGI60-12.01077
G041533E43268N,RGI60-12.00365
G042215E43275N,RGI60-12.00366
G042151E43242N,RGI60-12.00367
G041821E43220N,RGI60-12.00368
G042598E42912N,RGI60-12.01080
G043462E42898N,RGI60-12.00911
G042033E43188N,RGI60-12.00371
G041708E43240N,RGI60-12.00372
G041148E43386N,RGI60-12.00373
G042838E43099N,RGI60-12.00374
G043005E43089N,RGI60-12.00744
G044716E42659N,RGI60-12.00376
G043944E42553N,RGI60-12.00377
G042531E42955N,RGI60-12.00378
G041919E43332N,RGI60-12.00379
G042178E43169N,RGI60-12.00380
G043515E42865N,RGI60-12.00381
G044467E42706N,RGI60-12.00382
G044040E42737N,RGI60-12.00383
G043580E42943N,RGI60-12.00385
G041950E43226N,RGI60-12.00386
G042933E43269N,RGI60-12.00565
G044493E42730N,RGI60-12.01299
G043332E42918N,RGI60-12.00389
G041898E43279N,RGI60-12.00390
G042452E43152N,RGI60-12.00391
G043913E42544N,RGI60-12.00392
G042512E43156N,RGI60-12.00394
G041722E43259N,RGI60-12.00395
G043199E43080N,RGI60-12.00396
G042156E43192N,RGI60-12.00397
G042096E43117N,RGI60-12.00398
G041176E43388N,RGI60-12.00399
G043567E42856N,RGI60-12.00400
G044324E42763N,RGI60-12.00401
G043693E42806N,RGI60-12.00402
G043444E42891N,RGI60-12.00403
G041553E43368N,RGI60-12.00404
G041271E43359N,RGI60-12.00405
G041580E43225N,RGI60-12.00407
G041260E43358N,RGI60-12.00408
G042033E43210N,RGI60-12.00409
G042764E42895N,RGI60-12.00410
G043771E42740N,RGI60-12.00411
G042826E43275N,RGI60-12.00414
G042076E43094N,RGI60-12.00415
G042026E43167N,RGI60-12.00416
G041324E43340N,RGI60-12.00417
G041785E43245N,RGI60-12.00418
G041090E43423N,RGI60-12.00419
G043603E42808N,RGI60-12.00420
G044138E42708N,RGI60-12.00792
G042496E42933N,RGI60-12.00422
G043803E42735N,RGI60-12.00423
G041848E43308N,RGI60-12.00424
G042908E43257N,RGI60-12.00425
G043313E43090N,RGI60-12.00429
G042078E43218N,RGI60-12.00431
G041642E43219N,RGI60-12.00433
G042500E42942N,RGI60-12.00436
G044327E42725N,RGI60-12.00437
G042550E43186N,RGI60-12.00782
G044339E42718N,RGI60-12.00442
G042960E43092N,RGI60-12.01154
G042937E43280N,RGI60-12.00444
G041801E43193N,RGI60-12.00446
G043120E43067N,RGI60-12.01070
G042501E43334N,RGI60-12.00730
G042092E43150N,RGI60-12.00451
G044299E42702N,RGI60-12.00452
G041915E43310N,RGI60-12.00453
G041426E43326N,RGI60-12.00454
G042108E43143N,RGI60-12.00455
G041225E43288N,RGI60-12.00456
G042258E43208N,RGI60-12.00457
G043684E42778N,RGI60-12.00458
G044273E42752N,RGI60-12.00459
G041545E43255N,RGI60-12.00460
G042356E43267N,RGI60-12.00461
G042133E43198N,RGI60-12.00462
G042497E43168N,RGI60-12.00923
G042844E43279N,RGI60-12.00464
G042478E43166N,RGI60-12.00465
G044276E42756N,RGI60-12.00466
G041265E43363N,RGI60-12.00467
G042986E43298N,RGI60-12.00469
G042854E43116N,RGI60-12.00470
G043473E42900N,RGI60-12.00471
G042250E43237N,RGI60-12.00473
G041588E43250N,RGI60-12.00474
G041861E43236N,RGI60-12.00475
G042742E43248N,RGI60-12.00476
G043071E43158N,RGI60-12.00655
G042404E43354N,RGI60-12.00484
G043658E42822N,RGI60-12.00480
G041221E43449N,RGI60-12.00481
G042460E43239N,RGI60-12.00482
G042613E43151N,RGI60-12.00483
G043335E42911N,RGI60-12.00485
G042633E43131N,RGI60-12.01120
G042256E43250N,RGI60-12.00488
G042757E42910N,RGI60-12.00489
G044416E42704N,RGI60-12.00490
G041902E43268N,RGI60-12.00491
G041198E43289N,RGI60-12.00493
G043596E42832N,RGI60-12.00494
G041817E43181N,RGI60-12.00495
G042967E43132N,RGI60-12.01105
G042855E43273N,RGI60-12.00497
G042564E42937N,RGI60-12.00498
G044321E42750N,RGI60-12.00500
G042950E43056N,RGI60-12.00501
G042997E43135N,RGI60-12.00502
G043583E42820N,RGI60-12.00503
G041892E43253N,RGI60-12.00504
G042510E43124N,RGI60-12.00506
G042487E43376N,RGI60-12.00610
G041897E43250N,RGI60-12.00508
G042581E42915N,RGI60-12.01226
G043145E42955N,RGI60-12.00510
G042079E43111N,RGI60-12.00511
G041861E43206N,RGI60-12.00513
G042601E43181N,RGI60-12.00514
G041096E43402N,RGI60-12.00515
G043474E42963N,RGI60-12.00516
G043638E42796N,RGI60-12.00517
G041576E43383N,RGI60-12.00518
G043878E42812N,RGI60-12.00519
G043105E43134N,RGI60-12.01146
G043183E42984N,RGI60-12.01285
G041839E43324N,RGI60-12.00523
G041412E43329N,RGI60-12.00524
G043080E42978N,RGI60-12.00525
G041659E43231N,RGI60-12.00526
G044390E42722N,RGI60-12.00531
G044040E42756N,RGI60-12.00532
G042438E43257N,RGI60-12.00533
G043411E43002N,RGI60-12.00534
G043421E42899N,RGI60-12.00535
G042301E43106N,RGI60-12.00536
G041240E43398N,RGI60-12.00537
G042209E43167N,RGI60-12.00538
G042148E43224N,RGI60-12.00539
G043770E42808N,RGI60-12.00540
G044410E42548N,RGI60-12.00541
G041249E43360N,RGI60-12.00543
G042479E43178N,RGI60-12.00545
G042792E43194N,RGI60-12.00546
G041862E43229N,RGI60-12.00547
G041908E43333N,RGI60-12.00548
G042970E43301N,RGI60-12.00549
G043156E43169N,RGI60-12.00550
G044235E42614N,RGI60-12.00832
G041570E43365N,RGI60-12.00553
G042474E42946N,RGI60-12.00554
G043266E42917N,RGI60-12.00555
G041174E43410N,RGI60-12.00556
G042009E43178N,RGI60-12.00557
G041175E43291N,RGI60-12.00558
G042735E43143N,RGI60-12.00559
G043501E42899N,RGI60-12.00560
G043590E42938N,RGI60-12.00561
G041866E42992N,RGI60-12.00562
G041828E43157N,RGI60-12.00563
G042953E43152N,RGI60-12.00564
G042150E43181N,RGI60-12.00568
G042105E43092N,RGI60-12.00569
G041869E43367N,RGI60-12.00570
G043095E43151N,RGI60-12.01186
G042913E43087N,RGI60-12.00572
G041722E43221N,RGI60-12.00573
G041322E43358N,RGI60-12.00574
G042110E43307N,RGI60-12.00575
G042972E43169N,RGI60-12.00576
G042204E43234N,RGI60-12.00578
G041721E43229N,RGI60-12.00579
G041876E43263N,RGI60-12.00580
G041909E43264N,RGI60-12.00582
G042962E43055N,RGI60-12.00937
G044297E42739N,RGI60-12.00584
G041595E43230N,RGI60-12.00586
G041941E43217N,RGI60-12.00587
G041269E43428N,RGI60-12.00588
G042636E42920N,RGI60-12.00589
G042576E43340N,RGI60-12.00590
G043476E42880N,RGI60-12.00591
G042797E43103N,RGI60-12.00592
G042565E42925N,RGI60-12.00593
G042280E43217N,RGI60-12.00594
G043212E43088N,RGI60-12.00595
G041884E43301N,RGI60-12.00596
G042253E43224N,RGI60-12.01128
G042095E43245N,RGI60-12.00598
G041871E43308N,RGI60-12.00599
G041376E43369N,RGI60-12.00601
G042862E43205N,RGI60-12.00602
G043395E43025N,RGI60-12.00603
G043283E43066N,RGI60-12.00604
G041504E43266N,RGI60-12.00605
G042406E43319N,RGI60-12.00606
G042587E43178N,RGI60-12.00607
G043395E42903N,RGI60-12.00705
G042075E43107N,RGI60-12.00609
G043748E42782N,RGI60-12.00611
G042640E43327N,RGI60-12.00612
G042908E43220N,RGI60-12.00613
G044136E42699N,RGI60-12.00615
G043209E42969N,RGI60-12.00616
G043179E42943N,RGI60-12.00617
G041842E43319N,RGI60-12.00618
G041440E43355N,RGI60-12.00619
G041242E43409N,RGI60-12.00620
G042431E43219N,RGI60-12.00621
G042895E43113N,RGI60-12.00727
G042320E43145N,RGI60-12.00624
G042323E43136N,RGI60-12.00625
G042051E43264N,RGI60-12.00626
G042443E43226N,RGI60-12.00628
G042591E42914N,RGI60-12.00630
G042846E43214N,RGI60-12.00811
G042769E43214N,RGI60-12.00632
G043193E42928N,RGI60-12.00633
G042227E43267N,RGI60-12.00634
G041959E43260N,RGI60-12.00635
G042509E42932N,RGI60-12.01069
G042534E43202N,RGI60-12.01026
G041107E43428N,RGI60-12.00640
G043430E42958N,RGI60-12.00642
G043680E42785N,RGI60-12.00643
G042946E43295N,RGI60-12.00897
G042468E43152N,RGI60-12.00809
G042653E43326N,RGI60-12.00646
G042748E43229N,RGI60-12.00647
G041977E43266N,RGI60-12.00648
G042709E42892N,RGI60-12.00649
G041834E43338N,RGI60-12.00650
G043585E42957N,RGI60-12.00651
G043746E42854N,RGI60-12.00652
G042928E43118N,RGI60-12.00742
G041822E43382N,RGI60-12.00654
G043000E43071N,RGI60-12.00656
G041816E43168N,RGI60-12.00657
G042849E43116N,RGI60-12.00658
G044248E42596N,RGI60-12.00659
G042877E43240N,RGI60-12.00660
G041315E43363N,RGI60-12.00661
G042169E43233N,RGI60-12.00662
G042621E42918N,RGI60-12.00663
G042851E43135N,RGI60-12.00664
G043541E42861N,RGI60-12.00665
G042838E43120N,RGI60-12.00669
G044428E42697N,RGI60-12.00667
G042919E43089N,RGI60-12.00668
G043551E42859N,RGI60-12.00670
G042405E43364N,RGI60-12.00671
G041865E43264N,RGI60-12.00672
G042419E43214N,RGI60-12.00673
G044410E42698N,RGI60-12.00674
G042452E43142N,RGI60-12.00675
G042928E43255N,RGI60-12.00677
G042988E43166N,RGI60-12.01203
G043933E42559N,RGI60-12.00680
G042526E43157N,RGI60-12.00681
G041883E43258N,RGI60-12.00684
G042029E43215N,RGI60-12.00685
G042530E43155N,RGI60-12.00687
G042522E43297N,RGI60-12.00689
G042403E43197N,RGI60-12.00690
G042900E43151N,RGI60-12.00692
G042295E43098N,RGI60-12.00693
G041100E43430N,RGI60-12.00694
G042096E43111N,RGI60-12.00695
G042564E42906N,RGI60-12.00697
G042646E42920N,RGI60-12.01219
G043238E43064N,RGI60-12.00699
G042216E43261N,RGI60-12.00701
G042196E43213N,RGI60-12.00702
G042816E43093N,RGI60-12.00703
G041963E43204N,RGI60-12.00706
G041566E43380N,RGI60-12.00707
G042935E43089N,RGI60-12.00708
G042824E43089N,RGI60-12.00710
G043405E43022N,RGI60-12.00711
G041436E43360N,RGI60-12.00712
G043987E42549N,RGI60-12.00713
G044044E42767N,RGI60-12.00714
G041508E43273N,RGI60-12.00715
G042694E43122N,RGI60-12.00716
G041861E43214N,RGI60-12.00717
G042069E43106N,RGI60-12.00718
G042018E43214N,RGI60-12.00720
G044418E42720N,RGI60-12.00722
G044372E42683N,RGI60-12.00723
G044129E42712N,RGI60-12.00724
G043434E42956N,RGI60-12.00725
G042033E43201N,RGI60-12.00726
G044177E42747N,RGI60-12.00731
G042474E43205N,RGI60-12.00732
G043245E42947N,RGI60-12.00734
G041913E43303N,RGI60-12.00735
G042714E43249N,RGI60-12.00894
G043424E42962N,RGI60-12.00737
G043648E42830N,RGI60-12.00738
G041541E43266N,RGI60-12.00739
G044490E42688N,RGI60-12.00741
G042867E43215N,RGI60-12.01243
G042723E43140N,RGI60-12.00745
G041798E43168N,RGI60-12.00747
G043380E42886N,RGI60-12.00922
G044521E42725N,RGI60-12.00749
G043240E42919N,RGI60-12.00750
G043406E42875N,RGI60-12.00751
G041464E43320N,RGI60-12.00752
G041249E43405N,RGI60-12.00753
G043938E42552N,RGI60-12.00754
G044157E42743N,RGI60-12.00755
G042643E43317N,RGI60-12.00757
G042639E43306N,RGI60-12.00760
G042439E43247N,RGI60-12.00761
G043214E43043N,RGI60-12.00762
G043719E42767N,RGI60-12.00763
G042084E43317N,RGI60-12.00764
G042163E43174N,RGI60-12.00996
G044255E42603N,RGI60-12.00766
G041198E43376N,RGI60-12.00767
G043202E43023N,RGI60-12.00769
G043218E43105N,RGI60-12.01269
G041709E43225N,RGI60-12.00771
G041161E43392N,RGI60-12.00772
G041730E43253N,RGI60-12.00773
G042862E43247N,RGI60-12.00774
G041735E43248N,RGI60-12.00775
G042877E43141N,RGI60-12.00776
G042510E43112N,RGI60-12.00777
G041715E43256N,RGI60-12.00778
G043294E42908N,RGI60-12.00779
G042851E43263N,RGI60-12.00780
G041939E43193N,RGI60-12.00781
G041260E43426N,RGI60-12.00783
G044281E42599N,RGI60-12.00784
G042869E43200N,RGI60-12.00786
G041606E43210N,RGI60-12.00787
G044313E42596N,RGI60-12.00788
G041346E43349N,RGI60-12.00789
G042208E43222N,RGI60-12.00790
G044433E42747N,RGI60-12.00791
G042574E42920N,RGI60-12.00793
G042926E43039N,RGI60-12.00794
G041821E43303N,RGI60-12.01235
G041846E43315N,RGI60-12.00797
G043629E42803N,RGI60-12.00798
G041938E43234N,RGI60-12.00799
G043420E42926N,RGI60-12.00801
G041958E43247N,RGI60-12.00802
G042670E43402N,RGI60-12.00803
G042584E43170N,RGI60-12.00804
G044381E42692N,RGI60-12.00805
G042714E43241N,RGI60-12.00806
G042477E43128N,RGI60-12.00807
G043605E42846N,RGI60-12.00808
G044343E42710N,RGI60-12.00810
G043638E42825N,RGI60-12.00813
G041419E43336N,RGI60-12.00814
G042249E43211N,RGI60-12.00815
G042722E43143N,RGI60-12.00816
G044491E42682N,RGI60-12.00817
G044183E42759N,RGI60-12.00818
G042922E43288N,RGI60-12.00819
G042059E43260N,RGI60-12.00820
G043805E42774N,RGI60-12.00822
G043997E42532N,RGI60-12.00823
G043411E42989N,RGI60-12.00825
G043222E42924N,RGI60-12.00826
G043133E43077N,RGI60-12.00827
G042380E43180N,RGI60-12.00828
G044397E42748N,RGI60-12.00829
G043833E42788N,RGI60-12.00831
G042941E43273N,RGI60-12.00834
G042368E43250N,RGI60-12.00835
G041928E43334N,RGI60-12.00836
G042936E43168N,RGI60-12.00838
G044517E42715N,RGI60-12.00840
G041519E43299N,RGI60-12.00842
G042097E43312N,RGI60-12.00843
G044074E42739N,RGI60-12.00844
G042480E42939N,RGI60-12.00845
G043386E42982N,RGI60-12.00846
G041932E43191N,RGI60-12.00847
G042753E43235N,RGI60-12.00848
G042734E43194N,RGI60-12.00849
G042556E42933N,RGI60-12.00850
G043194E43088N,RGI60-12.00851
G041187E43387N,RGI60-12.00852
G041772E43227N,RGI60-12.00853
G042075E43199N,RGI60-12.00854
G042522E43121N,RGI60-12.00855
G043154E43018N,RGI60-12.00856
G041507E43393N,RGI60-12.00857
G041727E43235N,RGI60-12.00859
G041777E43233N,RGI60-12.00860
G040992E43435N,RGI60-12.00861
G043381E42907N,RGI60-12.00864
G043370E43008N,RGI60-12.00865
G043092E43054N,RGI60-12.00866
G041607E43219N,RGI60-12.00867
G041888E43280N,RGI60-12.00868
G043110E43056N,RGI60-12.00869
G043843E42803N,RGI60-12.01050
G043766E42597N,RGI60-12.00871
G041647E43243N,RGI60-12.00872
G044389E42686N,RGI60-12.00873
G042025E43161N,RGI60-12.00875
G042427E43211N,RGI60-12.00876
G042480E43210N,RGI60-12.00877
G043016E43117N,RGI60-12.00878
G041831E43306N,RGI60-12.00881
G043403E43008N,RGI60-12.00882
G043276E43053N,RGI60-12.00883
G042343E43228N,RGI60-12.00884
G041145E43407N,RGI60-12.00885
G041800E43201N,RGI60-12.00886
G042378E43336N,RGI60-12.00887
G041650E43226N,RGI60-12.00888
G041252E43395N,RGI60-12.00889
G041663E43262N,RGI60-12.00890
G042919E43294N,RGI60-12.00891
G041111E43403N,RGI60-12.00892
G042096E43125N,RGI60-12.00893
G043134E43139N,RGI60-12.00896
G042592E43161N,RGI60-12.00898
G041797E43189N,RGI60-12.00899
G042220E43270N,RGI60-12.00900
G042447E43251N,RGI60-12.00901
G043129E43074N,RGI60-12.00902
G042887E43175N,RGI60-12.00903
G042457E43250N,RGI60-12.00904
G043867E42805N,RGI60-12.00905
G041172E43415N,RGI60-12.00906
G043076E43140N,RGI60-12.00907
G042718E42897N,RGI60-12.00908
G043399E42984N,RGI60-12.00910
G043845E42727N,RGI60-12.00912
G041548E43251N,RGI60-12.00913
G041190E43282N,RGI60-12.00914
G041874E42984N,RGI60-12.00915
G042103E43277N,RGI60-12.00916
G042471E43245N,RGI60-12.00918
G042603E43148N,RGI60-12.00919
G043422E42976N,RGI60-12.00920
G042611E42911N,RGI60-12.00924
G042128E43164N,RGI60-12.00925
G044059E42746N,RGI60-12.00926
G043105E43120N,RGI60-12.00927
G042534E43110N,RGI60-12.00928
G041211E43290N,RGI60-12.00929
G041692E43207N,RGI60-12.00930
G043500E42888N,RGI60-12.00931
G043884E42750N,RGI60-12.00932
G041879E43252N,RGI60-12.00933
G042422E43226N,RGI60-12.00934
G042866E43134N,RGI60-12.00935
G043194E43010N,RGI60-12.00936
G042859E43189N,RGI60-12.01201
G042177E43228N,RGI60-12.01010
G043724E42635N,RGI60-12.00940
G042012E43228N,RGI60-12.00941
G040977E43427N,RGI60-12.00942
G044112E42742N,RGI60-12.00943
G041312E43346N,RGI60-12.01119
G043092E43049N,RGI60-12.00946
G041463E43300N,RGI60-12.00947
G044274E42602N,RGI60-12.00948
G044540E42690N,RGI60-12.00949
G043836E42801N,RGI60-12.00950
G041151E43406N,RGI60-12.00951
G042031E43159N,RGI60-12.00952
G044247E42692N,RGI60-12.00953
G043795E42736N,RGI60-12.00954
G041165E43422N,RGI60-12.01138
G042695E43103N,RGI60-12.00956
G042618E43176N,RGI60-12.01153
G041420E43362N,RGI60-12.00960
G042497E43118N,RGI60-12.00961
G043516E42980N,RGI60-12.00962
G043487E42844N,RGI60-12.00963
G042137E43131N,RGI60-12.00964
G044517E42667N,RGI60-12.00965
G042837E43209N,RGI60-12.01227
G042841E43085N,RGI60-12.00967
G043326E43089N,RGI60-12.00968
G041781E43204N,RGI60-12.00969
G042696E43129N,RGI60-12.00970
G044164E42747N,RGI60-12.00971
G042778E43206N,RGI60-12.00972
G043472E42852N,RGI60-12.00974
G042621E43168N,RGI60-12.00975
G041416E43314N,RGI60-12.00976
G041834E43328N,RGI60-12.00977
G044389E42749N,RGI60-12.01250
G043411E42993N,RGI60-12.00980
G042534E42928N,RGI60-12.00981
G043655E42834N,RGI60-12.00982
G042471E43250N,RGI60-12.00983
G042028E43180N,RGI60-12.00984
G042670E43316N,RGI60-12.00985
G043249E43041N,RGI60-12.01233
G041955E43239N,RGI60-12.00988
G042146E43177N,RGI60-12.00989
G042538E42950N,RGI60-12.00990
G043128E42966N,RGI60-12.00991
G043696E42770N,RGI60-12.00992
G041319E43355N,RGI60-12.00993
G041577E43331N,RGI60-12.00994
G044518E42721N,RGI60-12.00995
G041188E43382N,RGI60-12.00997
G042568E43349N,RGI60-12.00999
G041157E43401N,RGI60-12.01001
G041865E43241N,RGI60-12.01002
G042255E43240N,RGI60-12.01003
G042766E43151N,RGI60-12.01005
G042411E43258N,RGI60-12.01009
G043422E42884N,RGI60-12.01012
G044265E42606N,RGI60-12.01013
G042629E42918N,RGI60-12.01014
G043461E42998N,RGI60-12.01015
G041239E43438N,RGI60-12.01016
G042387E43190N,RGI60-12.01017
G041857E42987N,RGI60-12.01018
G041224E43368N,RGI60-12.01019
G044095E42743N,RGI60-12.01020
G041281E43423N,RGI60-12.01021
G042069E43210N,RGI60-12.01022
G042396E43293N,RGI60-12.01023
G042451E43128N,RGI60-12.01024
G043371E42899N,RGI60-12.01027
G042257E43062N,RGI60-12.01028
G041810E43192N,RGI60-12.01029
G041891E43270N,RGI60-12.01030
G043579E42829N,RGI60-12.01031
G044396E42706N,RGI60-12.01032
G043492E42956N,RGI60-12.01034
G042024E43218N,RGI60-12.01036
G041910E43169N,RGI60-12.01037
G043476E42870N,RGI60-12.01038
G044321E42743N,RGI60-12.01039
G042557E42918N,RGI60-12.01040
G044439E42761N,RGI60-12.01042
G043958E42555N,RGI60-12.01208
G044154E42764N,RGI60-12.01044
G042577E43177N,RGI60-12.01046
G041496E43277N,RGI60-12.01047
G043519E42984N,RGI60-12.01049
G041241E43432N,RGI60-12.01051
G041768E43218N,RGI60-12.01052
G041880E43293N,RGI60-12.01053
G042934E43220N,RGI60-12.01054
G042103E43232N,RGI60-12.01055
G042897E43119N,RGI60-12.01058
G041795E43229N,RGI60-12.01059
G041793E43219N,RGI60-12.01060
G042506E43356N,RGI60-12.01061
G042419E43268N,RGI60-12.01062
G041805E43209N,RGI60-12.01063
G044438E42720N,RGI60-12.01064
G044119E42727N,RGI60-12.01067
G044170E42748N,RGI60-12.01068
G043850E42597N,RGI60-12.01082
G043487E42865N,RGI60-12.01073
G042759E43219N,RGI60-12.01074
G042035E43192N,RGI60-12.01078
G043480E42868N,RGI60-12.01079
G042594E43155N,RGI60-12.01081
G041804E43177N,RGI60-12.01083
G044460E42723N,RGI60-12.01084
G044056E42751N,RGI60-12.01085
G042554E43215N,RGI60-12.01086
G043251E43013N,RGI60-12.01087
G041439E43313N,RGI60-12.01088
G041597E43397N,RGI60-12.01089
G042606E42911N,RGI60-12.01090
G042753E43140N,RGI60-12.01091
G042398E43341N,RGI60-12.01093
G042488E43166N,RGI60-12.01094
G043003E43066N,RGI60-12.01095
G044312E42747N,RGI60-12.01096
G042542E43110N,RGI60-12.01097
G042481E43243N,RGI60-12.01098
G043649E42942N,RGI60-12.01099
G043454E42991N,RGI60-12.01100
G043128E43044N,RGI60-12.01101
G042370E43183N,RGI60-12.01103
G042935E43260N,RGI60-12.01104
G043911E42751N,RGI60-12.01106
G040931E43457N,RGI60-12.01108
G044136E42729N,RGI60-12.01109
G042528E43306N,RGI60-12.01111
G041626E43230N,RGI60-12.01112
G042093E43100N,RGI60-12.01113
G044275E42608N,RGI60-12.01114
G043386E42995N,RGI60-12.01116
G042301E43221N,RGI60-12.01117
G042044E43185N,RGI60-12.01118
G044234E42698N,RGI60-12.01121
G041338E43356N,RGI60-12.01122
G042168E43217N,RGI60-12.01123
G042453E43381N,RGI60-12.01124
G042959E43036N,RGI60-12.01125
G042999E43141N,RGI60-12.01126
G043484E42955N,RGI60-12.01127
G041249E43423N,RGI60-12.01129
G041888E43285N,RGI60-12.01130
G042578E42904N,RGI60-12.01131
G044395E42686N,RGI60-12.01133
G044253E42690N,RGI60-12.01134
G042608E43337N,RGI60-12.01135
G042345E43137N,RGI60-12.01136
G042481E43388N,RGI60-12.01137
G044266E42693N,RGI60-12.01140
G042919E43129N,RGI60-12.01141
G043157E42956N,RGI60-12.01142
G043462E42972N,RGI60-12.01143
G042311E43236N,RGI60-12.01144
G043863E42816N,RGI60-12.01145
G042920E43265N,RGI60-12.01147
G042551E43285N,RGI60-12.01148
G043451E42962N,RGI60-12.01149
G042112E43223N,RGI60-12.01150
G041108E43421N,RGI60-12.01151
G042100E43224N,RGI60-12.01152
G043595E42855N,RGI60-12.01156
G041859E43217N,RGI60-12.01157
G043678E42795N,RGI60-12.01158
G044501E42672N,RGI60-12.01159
G042287E43103N,RGI60-12.01160
G042321E43226N,RGI60-12.01161
G043025E43007N,RGI60-12.01162
G041830E43334N,RGI60-12.01163
G043043E42994N,RGI60-12.01165
G041113E43410N,RGI60-12.01249
G042840E43283N,RGI60-12.01168
G044192E42755N,RGI60-12.01169
G042099E43274N,RGI60-12.01171
G043238E43016N,RGI60-12.01174
G042613E42915N,RGI60-12.01175
G042477E43164N,RGI60-12.01176
G041715E43247N,RGI60-12.01177
G042167E43235N,RGI60-12.01178
G044049E42740N,RGI60-12.01179
G043434E42978N,RGI60-12.01180
G041507E43305N,RGI60-12.01181
G042554E43320N,RGI60-12.01182
G042944E43169N,RGI60-12.01183
G042508E43165N,RGI60-12.01184
G042564E43347N,RGI60-12.01185
G043186E43072N,RGI60-12.01187
G041515E43312N,RGI60-12.01188
G042561E43345N,RGI60-12.01189
G043521E42874N,RGI60-12.01192
G043347E42895N,RGI60-12.01193
G043467E43003N,RGI60-12.01194
G043385E42987N,RGI60-12.01195
G042144E43194N,RGI60-12.01196
G043056E43075N,RGI60-12.01198
G042761E43232N,RGI60-12.01199
G042410E43199N,RGI60-12.01200
G041150E43419N,RGI60-12.01202
G043949E42568N,RGI60-12.01204
G042869E43265N,RGI60-12.01205
G043320E42902N,RGI60-12.01206
G043229E43075N,RGI60-12.01207
G042561E43179N,RGI60-12.01210
G041809E43202N,RGI60-12.01211
G041577E43270N,RGI60-12.01212
G042920E43135N,RGI60-12.01214
G043472E42956N,RGI60-12.01215
G043459E42848N,RGI60-12.01216
G042302E43228N,RGI60-12.01220
G042405E43325N,RGI60-12.01221
G041624E43217N,RGI60-12.01222
G042500E42943N,RGI60-12.01223
G042589E42907N,RGI60-12.01225
G042509E43213N,RGI60-12.01228
G042782E43211N,RGI60-12.01229
G042222E43162N,RGI60-12.01231
G041992E43127N,RGI60-12.01234
G042352E43333N,RGI60-12.01236
G042083E43257N,RGI60-12.01237
G044011E42538N,RGI60-12.01238
G042880E43190N,RGI60-12.01239
G041234E43376N,RGI60-12.01240
G044008E42527N,RGI60-12.01244
G041678E43220N,RGI60-12.01246
G041981E43121N,RGI60-12.01247
G041281E43362N,RGI60-12.01248
G044503E42719N,RGI60-12.01251
G041281E43375N,RGI60-12.01253
G043103E42997N,RGI60-12.01254
G042280E43211N,RGI60-12.01255
G041843E43225N,RGI60-12.01297
G042743E43139N,RGI60-12.01258
G042916E43171N,RGI60-12.01259
G042551E43111N,RGI60-12.01260
G043235E43005N,RGI60-12.01261
G043165E43066N,RGI60-12.01262
G043824E42778N,RGI60-12.01264
G041841E43358N,RGI60-12.01265
G041231E43432N,RGI60-12.01266
G042354E43230N,RGI60-12.01270
G042118E43160N,RGI60-12.01271
G042545E42938N,RGI60-12.01272
G043077E43090N,RGI60-12.01274
G043550E42876N,RGI60-12.01275
G041558E43286N,RGI60-12.01276
G044135E42722N,RGI60-12.01277
G042134E43203N,RGI60-12.01278
G042514E43121N,RGI60-12.01279
G043471E42989N,RGI60-12.01280
G043128E42998N,RGI60-12.01281
G041736E43232N,RGI60-12.01282
G044141E42753N,RGI60-12.01283
G042588E43341N,RGI60-12.01284
G043615E42805N,RGI60-12.01286
G042245E43217N,RGI60-12.01287
G042226E43263N,RGI60-12.01289
G041438E43347N,RGI60-12.01290
G041795E43213N,RGI60-12.01291
G044339E42549N,RGI60-12.01292
G041591E43400N,RGI60-12.01293
G042094E43266N,RGI60-12.01294
G042592E43149N,RGI60-12.01295
G041149E43393N,RGI60-12.01296
G042597E43152N,RGI60-12.01298
G044525E42724N,RGI60-12.01300
G043844E42752N,RGI60-12.01302
G042439E43234N,RGI60-12.01303
G041153E40837N,RGI60-12.01304
G041150E40824N,RGI60-12.01305
G041159E40841N,RGI60-12.01306
G041166E40845N,RGI60-12.01307
G041221E40928N,RGI60-12.01308
G041216E40936N,RGI60-12.01309
G043983E37497N,RGI60-12.01310
G044006E37497N,RGI60-12.01311
G043958E37507N,RGI60-12.01312
G043967E37499N,RGI60-12.01313
G043969E37496N,RGI60-12.01314
G043994E37493N,RGI60-12.01315
G044005E37513N,RGI60-12.01316
G044014E37488N,RGI60-12.01317
G043894E37516N,RGI60-12.01318
G044036E37513N,RGI60-12.01319
G035444E38534N,RGI60-12.01320
G044265E37304N,RGI60-12.01321
G044260E37307N,RGI60-12.01322
G044256E37312N,RGI60-12.01323
G044244E37316N,RGI60-12.01324
G039690E39497N,RGI60-12.01325
G039695E39501N,RGI60-12.01326
G039594E39449N,RGI60-12.01327
G039592E39453N,RGI60-12.01328
G039563E39447N,RGI60-12.01329
G039552E39443N,RGI60-12.01330
G039540E39449N,RGI60-12.01331
G039626E39470N,RGI60-12.01332
G039379E39481N,RGI60-12.01333
G039323E39469N,RGI60-12.01334
G039314E39463N,RGI60-12.01335
G039307E39464N,RGI60-12.01336
G039302E39464N,RGI60-12.01337
G039302E39460N,RGI60-12.01338
G039298E39464N,RGI60-12.01339
G039295E39463N,RGI60-12.01340
G039291E39462N,RGI60-12.01341
G039288E39456N,RGI60-12.01342
G039136E39495N,RGI60-12.01343
G039124E39475N,RGI60-12.01344
G039118E39476N,RGI60-12.01345
G042826E38938N,RGI60-12.01346
G042820E38934N,RGI60-12.01347
G042826E38921N,RGI60-12.01348
G044295E39709N,RGI60-12.01349
G043456E42714N,RGI60-12.01372
G043466E42710N,RGI60-12.01374
G044832E42621N,RGI60-12.01378
G044826E42620N,RGI60-12.01403
G044768E42633N,RGI60-12.01381
G044731E42633N,RGI60-12.01383
G044754E42623N,RGI60-12.01385
G044768E42648N,RGI60-12.01401
G044751E42671N,RGI60-12.01396
G044772E42679N,RGI60-12.01394
G044762E42667N,RGI60-12.01400
G044776E42645N,RGI60-12.01402
G044833E42673N,RGI60-12.01405
G044845E42688N,RGI60-12.01407
G044845E42671N,RGI60-12.01410
G045053E42699N,RGI60-12.01413
G045063E42700N,RGI60-12.01415
G045085E42714N,RGI60-12.01416
G045052E42633N,RGI60-12.01420
G045018E42601N,RGI60-12.01683
G045289E42599N,RGI60-12.01425
G045335E42577N,RGI60-12.01478
G045534E42549N,RGI60-12.01432
G045556E42548N,RGI60-12.01433
G045597E42546N,RGI60-12.01435
G045599E42530N,RGI60-12.01437
G045610E42513N,RGI60-12.01441
G045645E42509N,RGI60-12.01473
G045666E42502N,RGI60-12.01443
G045695E42499N,RGI60-12.01445
G045705E42484N,RGI60-12.01446
G045723E42482N,RGI60-12.01448
G045727E42479N,RGI60-12.01468
G045754E42479N,RGI60-12.01467
G045769E42479N,RGI60-12.01466
G045771E42501N,RGI60-12.01454
G045784E42482N,RGI60-12.01463
G045790E42502N,RGI60-12.01459
G045817E42500N,RGI60-12.01457
G045780E42481N,RGI60-12.01464
G045682E42500N,RGI60-12.01471
G045624E42504N,RGI60-12.01476
G045273E42478N,RGI60-12.01482
G045301E42479N,RGI60-12.01485
G045319E42469N,RGI60-12.01487
G045277E42469N,RGI60-12.01490
G046193E42303N,RGI60-12.01495
G046204E42315N,RGI60-12.01497
G046233E42336N,RGI60-12.01515
G046251E42348N,RGI60-12.01503
G046267E42350N,RGI60-12.01504
G046284E42349N,RGI60-12.01506
G046247E42328N,RGI60-12.01509
G046280E42301N,RGI60-12.01511
G046223E42317N,RGI60-12.01517
G046751E41867N,RGI60-12.01518
G046768E41869N,RGI60-12.01602
G046628E41951N,RGI60-12.01520
G046519E42150N,RGI60-12.01528
G046551E42202N,RGI60-12.01534
G046646E42020N,RGI60-12.01544
G046793E41973N,RGI60-12.01552
G046800E41968N,RGI60-12.01554
G046836E41929N,RGI60-12.01558
G046840E41914N,RGI60-12.01559
G046862E41903N,RGI60-12.01560
G046923E41965N,RGI60-12.01564
G046998E41922N,RGI60-12.01568
G047064E41902N,RGI60-12.01575
G047080E41901N,RGI60-12.01579
G047169E41881N,RGI60-12.01588
G046923E41869N,RGI60-12.01597
G046932E41850N,RGI60-12.01599
G047751E41196N,RGI60-12.01605
G047880E41222N,RGI60-12.01607
G047871E41221N,RGI60-12.01611
G048000E41274N,RGI60-12.01609
G047977E41169N,RGI60-12.01616
G039898E43958N,RGI60-12.01617
G040179E43818N,RGI60-12.01622
G040202E43806N,RGI60-12.01624
G040214E43803N,RGI60-12.01632
G040250E43830N,RGI60-12.01629
G040223E43780N,RGI60-12.01634
G040332E43781N,RGI60-12.01638
G040370E43773N,RGI60-12.01642
G040377E43772N,RGI60-12.01643
G040422E43729N,RGI60-12.01644
G040432E43729N,RGI60-12.01667
G040442E43733N,RGI60-12.01646
G040478E43744N,RGI60-12.01647
G040465E43717N,RGI60-12.01651
G040461E43705N,RGI60-12.01652
G040522E43680N,RGI60-12.01654
G040577E43678N,RGI60-12.01657
G042266E42779N,RGI60-12.01669
G042227E42798N,RGI60-12.01670
G042202E42831N,RGI60-12.01674
G042182E42831N,RGI60-12.01673
G043180E42719N,RGI60-12.01681
G051455E30943N,RGI60-12.01689
G051433E30964N,RGI60-12.01690
G051495E30901N,RGI60-12.01691
G051480E30924N,RGI60-12.01692
G051481E30928N,RGI60-12.01693
G051449E30946N,RGI60-12.01694
G051444E30947N,RGI60-12.01695
G051436E30960N,RGI60-12.01696
G051484E30917N,RGI60-12.01697
G050101E32337N,RGI60-12.01698
G050090E32350N,RGI60-12.01699
G050099E32338N,RGI60-12.01700
G050072E32350N,RGI60-12.01701
G050082E32339N,RGI60-12.01702
G050096E32339N,RGI60-12.01703
G050086E32341N,RGI60-12.01704
G050078E32346N,RGI60-12.01705
G050090E32337N,RGI60-12.01706
G050096E32287N,RGI60-12.01707
G050117E32285N,RGI60-12.01708
G050125E32305N,RGI60-12.01709
G050103E32286N,RGI60-12.01710
G050118E32299N,RGI60-12.01711
G050112E32286N,RGI60-12.01712
G050100E32297N,RGI60-12.01713
G050125E32309N,RGI60-12.01714
G050102E32292N,RGI60-12.01715
G050116E32300N,RGI60-12.01716
G050123E32310N,RGI60-12.01717
G050110E32279N,RGI60-12.01718
G050114E32277N,RGI60-12.01719
G050110E32300N,RGI60-12.01720
G050133E32283N,RGI60-12.01721
G050125E32289N,RGI60-12.01722
G050115E32280N,RGI60-12.01723
G050112E32306N,RGI60-12.01724
G050119E32304N,RGI60-12.01725
G050111E32288N,RGI60-12.01726
G050110E32310N,RGI60-12.01727
G050115E32297N,RGI60-12.01728
G050105E32277N,RGI60-12.01729
G050078E32385N,RGI60-12.01730
G050071E32373N,RGI60-12.01731
G050071E32379N,RGI60-12.01732
G050006E32467N,RGI60-12.01733
G050000E32465N,RGI60-12.01734
G050087E32383N,RGI60-12.01735
G050092E32375N,RGI60-12.01736
G050092E32377N,RGI60-12.01737
G050086E32369N,RGI60-12.01738
G050084E32378N,RGI60-12.01739
G050093E32369N,RGI60-12.01740
G050087E32360N,RGI60-12.01741
G050085E32362N,RGI60-12.01742
G050092E32365N,RGI60-12.01743
G050101E32362N,RGI60-12.01744
G050083E32363N,RGI60-12.01745
G050079E32364N,RGI60-12.01746
G050076E32370N,RGI60-12.01747
G050072E32361N,RGI60-12.01748
G050080E32357N,RGI60-12.01749
G050016E32422N,RGI60-12.01750
G050023E32422N,RGI60-12.01751
G050025E32421N,RGI60-12.01752
G050015E32425N,RGI60-12.01753
G050024E32426N,RGI60-12.01754
G050019E32420N,RGI60-12.01755
G050022E32417N,RGI60-12.01756
G050027E32424N,RGI60-12.01757
G050016E32428N,RGI60-12.01758
G050029E32422N,RGI60-12.01759
G050019E32424N,RGI60-12.01760
G050027E32425N,RGI60-12.01761
G050013E32463N,RGI60-12.01762
G050029E32412N,RGI60-12.01763
G049964E32507N,RGI60-12.01764
G050051E32408N,RGI60-12.01765
G050048E32410N,RGI60-12.01766
G050030E32404N,RGI60-12.01767
G050049E32401N,RGI60-12.01768
G050037E32402N,RGI60-12.01769
G050053E32397N,RGI60-12.01770
G050042E32404N,RGI60-12.01771
G050028E32402N,RGI60-12.01772
G050039E32408N,RGI60-12.01773
G050032E32408N,RGI60-12.01774
G050033E32410N,RGI60-12.01775
G050065E32394N,RGI60-12.01776
G050065E32402N,RGI60-12.01777
G050062E32410N,RGI60-12.01778
G050064E32398N,RGI60-12.01779
G050069E32394N,RGI60-12.01780
G050071E32401N,RGI60-12.01781
G050072E32397N,RGI60-12.01782
G050071E32388N,RGI60-12.01783
G050075E32388N,RGI60-12.01784
G050077E32390N,RGI60-12.01785
G050083E32399N,RGI60-12.01786
G050080E32404N,RGI60-12.01787
G050080E32396N,RGI60-12.01788
G050078E32394N,RGI60-12.01789
G050017E32455N,RGI60-12.01790
G050017E32441N,RGI60-12.01791
G050025E32451N,RGI60-12.01792
G050022E32448N,RGI60-12.01793
G050029E32441N,RGI60-12.01794
G050017E32434N,RGI60-12.01795
G049328E33334N,RGI60-12.01796
G049315E33345N,RGI60-12.01797
G049369E33301N,RGI60-12.01798
G049391E33282N,RGI60-12.01799
G049298E33346N,RGI60-12.01800
G049331E33327N,RGI60-12.01801
G049286E33351N,RGI60-12.01802
G049347E33316N,RGI60-12.01803
G049426E33256N,RGI60-12.01804
G049431E33257N,RGI60-12.01805
G049428E33261N,RGI60-12.01806
G049410E33273N,RGI60-12.01807
G049413E33268N,RGI60-12.01808
G049443E33247N,RGI60-12.01809
G049274E33348N,RGI60-12.01810
G049387E33295N,RGI60-12.01811
G049441E33259N,RGI60-12.01812
G048488E34664N,RGI60-12.01813
G048484E34668N,RGI60-12.01814
G048477E34671N,RGI60-12.01815
G052236E35770N,RGI60-12.01816
G052227E35772N,RGI60-12.01817
G052125E35957N,RGI60-12.01818
G052118E35965N,RGI60-12.01819
G052126E35966N,RGI60-12.01820
G052124E35966N,RGI60-12.01821
G052120E35948N,RGI60-12.01822
G052104E35960N,RGI60-12.01823
G052107E35959N,RGI60-12.01824
G052112E35964N,RGI60-12.01825
G052108E35963N,RGI60-12.01826
G052091E35966N,RGI60-12.01827
G052095E35965N,RGI60-12.01828
G052131E35969N,RGI60-12.01829
G052133E35967N,RGI60-12.01830
G052136E35970N,RGI60-12.01831
G052122E35943N,RGI60-12.01832
G052107E35940N,RGI60-12.01833
G052107E35943N,RGI60-12.01834
G052100E35956N,RGI60-12.01835
G051545E36057N,RGI60-12.01836
G051539E36060N,RGI60-12.01837
G051530E36063N,RGI60-12.01838
G051519E36068N,RGI60-12.01839
G051510E36067N,RGI60-12.01840
G050944E36380N,RGI60-12.01841
G050958E36384N,RGI60-12.01842
G050968E36399N,RGI60-12.01843
G050969E36388N,RGI60-12.01844
G050958E36364N,RGI60-12.01845
G050952E36364N,RGI60-12.01846
G050971E36338N,RGI60-12.01847
G050967E36341N,RGI60-12.01848
G050965E36348N,RGI60-12.01849
G050976E36346N,RGI60-12.01850
G050987E36337N,RGI60-12.01851
G050962E36345N,RGI60-12.01852
G050977E36368N,RGI60-12.01853
G050992E36368N,RGI60-12.01854
G050987E36371N,RGI60-12.01855
G050750E36318N,RGI60-12.01856
G050752E36328N,RGI60-12.01857
G050696E36329N,RGI60-12.01858
G050734E36324N,RGI60-12.01859
G050764E36325N,RGI60-12.01860
G050721E36323N,RGI60-12.01861
G050684E36522N,RGI60-12.01862
G050689E36521N,RGI60-12.01863
G050694E36517N,RGI60-12.01864
G050685E36529N,RGI60-12.01865
G050663E36517N,RGI60-12.01866
G050703E36515N,RGI60-12.01867
G050709E36512N,RGI60-12.01868
G050700E36508N,RGI60-12.01869
G050730E36514N,RGI60-12.01870
G050738E36512N,RGI60-12.01871
G050653E36517N,RGI60-12.01872
G050670E36516N,RGI60-12.01873
G047797E38249N,RGI60-12.01874
G047796E38263N,RGI60-12.01875
G047837E38250N,RGI60-12.01876
G047826E38282N,RGI60-12.01877
G047813E38265N,RGI60-12.01878
G047809E38256N,RGI60-12.01879
G047836E38270N,RGI60-12.01880
G047839E38273N,RGI60-12.01881
G047816E38240N,RGI60-12.01882
G047805E38230N,RGI60-12.01883
G047848E38273N,RGI60-12.01884
G047809E38245N,RGI60-12.01885
G047804E38244N,RGI60-12.01886
G047808E38241N,RGI60-12.01888